Entry,Entry Name,Length,Signal peptide,cleavage_site,sequence_15aa,label,score
Q9BZR6,RTN4R_HUMAN,473,"SIGNAL 1..26; /evidence=""ECO:0000269|PubMed:15340161""",26.0,VLWLQAWQVAAPCPG,1,6.9307443815588785
O13900,SA114_SCHPO,481,,,,0,0.0
P20757,ANGT_SHEEP,476,"SIGNAL 1..24; /evidence=""ECO:0000269|PubMed:3081342""",24.0,LCLLAWAGLAAGDRV,1,10.40467848710921
O60142,PPR2_SCHPO,432,,,,0,0.0
P32266,MGM1_YEAST,881,,,,0,0.0
Q7ZT82,RFX1L_DANRE,382,,,,0,0.0
P46435,MAK16_SCHMA,259,,,,0,0.0
Q94K85,CATB3_ARATH,359,"SIGNAL 1..26; /evidence=""ECO:0000269|PubMed:27058316""",26.0,LLLGLLLAFDLKGIE,1,3.3155897089129924
F4J8G7,VIR_ARATH,2138,,,,0,0.0
O74113,CDC45_SCHPO,638,,,,0,0.0
P39113,CAT8_YEAST,1433,,,,0,0.0
Q37708,ATP6_ARTSF,219,,,,0,0.0
Q8C624,SPT33_MOUSE,132,,,,0,0.0
Q6KCD5,NIPBL_MOUSE,2798,,,,0,0.0
P27059,RPOB_EUGLO,1076,,,,0,0.0
O88532,ZFR_MOUSE,1074,,,,0,0.0
Q7KTX7,PRKN_DROME,482,,,,0,0.0
Q42687,ATPD_CHLRE,219,,,,0,0.0
Q8K299,SCAR5_MOUSE,491,,,,0,0.0
P41903,PTE1_YEAST,349,,,,0,0.0
Q9H190,SDCB2_HUMAN,292,,,,0,0.0
Q9BXJ3,C1QT4_HUMAN,329,"SIGNAL 1..16; /evidence=""ECO:0000269|PubMed:21658842""",16.0,LLGLLGPAACWALGP,1,8.94325106461335
Q59RW5,HXK1_CANAL,493,,,,0,0.0
Q2N2K6,CENPA_TETTS,187,,,,0,0.0
P38429,SAP30_YEAST,201,,,,0,0.0
Q9H147,TDIF1_HUMAN,329,,,,0,0.0
O43044,NU120_SCHPO,1136,,,,0,0.0
P21128,ENDOU_HUMAN,410,"SIGNAL 1..18; /evidence=""ECO:0000269|PubMed:2350438""",18.0,LVLAVLCGLAWAGKI,1,10.701890269905007
P43618,CENPT_YEAST,361,,,,0,0.0
Q8MXY0,AMT3_DICDI,431,,,,0,0.0
P36520,RM10_YEAST,322,,,,0,0.0
P97367,MEIS2_MOUSE,477,,,,0,0.0
P04921,GLPC_HUMAN,128,,,,0,0.0
P42698,DR111_ARATH,387,,,,0,0.0
P53139,YGK8_YEAST,140,,,,0,0.0
Q8R4P5,TMC1_MOUSE,757,,,,0,0.0
P32354,MCM10_YEAST,571,,,,0,0.0
Q10F03,FLO6_ORYSJ,529,,,,0,0.0
O75152,ZC11A_HUMAN,810,,,,0,0.0
Q8BQP9,R7BP_MOUSE,257,,,,0,0.0
Q8LLD0,NUP96_ARATH,1046,,,,0,0.0
P51048,MTR1A_XENLA,153,,,,0,0.0
Q9UHW9,S12A6_HUMAN,1150,,,,0,0.0
Q9FNC9,TOM92_ARATH,99,,,,0,0.0
Q9DCR4,EID1_MOUSE,169,,,,0,0.0
Q9NVH0,EXD2_HUMAN,621,,,,0,0.0
Q12204,YOR22_YEAST,715,,,,0,0.0
Q96326,CCME_ARATH,256,,,,0,0.0
Q9H061,T126A_HUMAN,195,,,,0,0.0
Q9NPG2,NGB_HUMAN,151,,,,0,0.0
Q86W50,MET16_HUMAN,562,,,,0,0.0
Q6IR42,ZCPW1_MOUSE,630,,,,0,0.0
P05423,RPC4_HUMAN,398,,,,0,0.0
Q9FNH6,NHL3_ARATH,231,,,,0,0.0
Q9LGE3,FLP1_ORYSJ,109,,,,0,0.0
Q8LBP4,ALB3_ARATH,462,,,,0,0.0
Q9JMI1,AACS_RAT,672,,,,0,0.0
Q03280,TOM1_YEAST,3268,,,,0,0.0
P39103,COX14_YEAST,70,,,,0,0.0
P35201,CENPC_YEAST,549,,,,0,0.0
P53850,RTC4_YEAST,401,,,,0,0.0
O74418,SNUT3_SCHPO,244,,,,0,0.0
Q01667,CAB6_ARATH,241,,,,0,0.0
Q8IU81,I2BP1_HUMAN,584,,,,0,0.0
Q10360,RRN10_SCHPO,97,,,,0,0.0
Q04712,RRN11_YEAST,507,,,,0,0.0
P27731,TTHY_CHICK,150,"SIGNAL 1..20; /evidence=""ECO:0000269|PubMed:1833190""",20.0,VFLAGLVFLSEAAPL,1,7.7351323596322885
Q9SZ42,FAD4_ARATH,323,,,,0,0.0
Q9UBY9,HSPB7_HUMAN,170,,,,0,0.0
Q7M418,GLBB2_OLIMA,163,"SIGNAL 1..16; /evidence=""ECO:0000269|PubMed:15795490, ECO:0000269|PubMed:8814231""",16.0,FVLMGLMAAASASSC,1,9.244893669515859
Q4G350,RK36_EMIHU,48,,,,0,0.0
A6YSL1,RNC1_MAIZE,525,,,,0,0.0
O43070,NBS1_SCHPO,613,,,,0,0.0
Q95339,ATPK_PIG,88,,,,0,0.0
Q8BY35,FGD2_MOUSE,655,,,,0,0.0
B1X416,RR15_PAUCH,89,,,,0,0.0
Q571I4,PRAG1_MOUSE,1373,,,,0,0.0
P36517,RM04_YEAST,319,,,,0,0.0
Q6NPS8,NDOR1_ARATH,623,,,,0,0.0
Q1WG82,ZGLP1_MOUSE,266,,,,0,0.0
Q07896,NOC3_YEAST,663,,,,0,0.0
Q07335,TOM22_NEUCR,154,,,,0,0.0
D3YN49,GEMC1_XENLA,316,,,,0,0.0
P81449,ATPJ_YEAST,96,,,,0,0.0
Q03943,IM30_PEA,323,,,,0,0.0
P87109,YDK2_SCHPO,757,,,,0,0.0
Q9HGP5,CAPZB_SCHPO,268,,,,0,0.0
P42338,PK3CB_HUMAN,1070,,,,0,0.0
P35169,TOR1_YEAST,2470,,,,0,0.0
Q9URU9,FYV10_SCHPO,404,,,,0,0.0
Q9QXV1,CBX8_MOUSE,362,,,,0,0.0
Q9NQ31,AKIP1_HUMAN,210,,,,0,0.0
P81058,PEN3A_PENVA,82,"SIGNAL 1..19; /evidence=""ECO:0000269|PubMed:10561573, ECO:0000269|PubMed:9353298""",19.0,VFLASFALVCQGQVY,1,7.538975951348468
P17502,PRT_ANTGR,132,,,,0,0.0
P20774,MIME_HUMAN,298,"SIGNAL 1..20; /evidence=""ECO:0000269|PubMed:15340161""",20.0,LLLLLVPLIKPAPPT,1,2.7767804476659683
Q9FV81,GATB_ARATH,550,,,,0,0.0
Q18825,BAR1_CAEEL,811,,,,0,0.0
P18892,BT1A1_BOVIN,526,"SIGNAL 1..26; /evidence=""ECO:0000269|PubMed:2387867""",26.0,IFILLQLPKLDSAPF,1,3.4831875839024917
A8CVF3,DHN1_AVIMR,195,,,,0,0.0
P34781,YCX7_EUGLO,76,,,,0,0.0
Q9BRA0,LSMD1_HUMAN,125,,,,0,0.0
Q9US46,ITT1_SCHPO,435,,,,0,0.0
Q7KN62,TERA_DROME,801,,,,0,0.0
P49435,APT1_YEAST,187,,,,0,0.0
Q9P1Z3,HCN3_HUMAN,774,,,,0,0.0
P46199,IF2M_HUMAN,727,,,,0,0.0
Q8CFM6,STAB2_RAT,1431,,,,0,0.0
Q16514,TAF12_HUMAN,161,,,,0,0.0
Q9VM92,TTL3B_DROME,756,,,,0,0.0
O81039,DUF4_ARATH,205,,,,0,0.0
P43586,LOC1_YEAST,204,,,,0,0.0
Q01617,CPO_DROME,606,,,,0,0.0
P49773,HINT1_HUMAN,126,,,,0,0.0
Q9C8L2,FAP3_ARATH,287,,,,0,0.0
Q00912,AOX_WICAO,342,,,,0,0.0
Q9P6K8,YLF3_SCHPO,210,,,,0,0.0
Q0WVH0,RBLOT_ARATH,594,,,,0,0.0
Q5AK51,SFL2_CANAL,714,,,,0,0.0
Q86WV5,TEN1L_HUMAN,123,,,,0,0.0
Q9USZ1,EFGM_SCHPO,770,,,,0,0.0
Q08176,MIM1_YEAST,113,,,,0,0.0
P48842,GANA_ASPAC,350,"SIGNAL 1..16; /evidence=""ECO:0000269|PubMed:7788716""",16.0,LLLAALPLLTHAALT,1,11.186239819976644
O42955,CCM1_SCHPO,687,,,,0,0.0
Q6DKI7,PVRIG_HUMAN,326,,,,0,0.0
P53838,BOR1_YEAST,576,,,,0,0.0
P40087,DDI1_YEAST,428,,,,0,0.0
P32570,MED22_YEAST,121,,,,0,0.0
O70572,NSMA_MOUSE,419,,,,0,0.0
P21771,RT28_YEAST,286,,,,0,0.0
Q6DFU2,NS1BP_XENLA,638,,,,0,0.0
Q16385,SSX2_HUMAN,188,,,,0,0.0
Q9SRT0,PUB9_ARATH,460,,,,0,0.0
F4ICF4,RBL10_ARATH,343,,,,0,0.0
G5EDM7,DAF5_CAEEL,627,,,,0,0.0
Q9P7M9,RIB1_SCHPO,326,,,,0,0.0
P47116,PTK2_YEAST,818,,,,0,0.0
P55897,H2A_BUFGR,39,,,,0,0.0
Q9UI26,IPO11_HUMAN,975,,,,0,0.0
P36632,RAD26_SCHPO,614,,,,0,0.0
O42997,YBC7_SCHPO,290,,,,0,0.0
P19476,CR29_ENTH1,233,,,,0,0.0
Q86UV5,UBP48_HUMAN,1035,,,,0,0.0
Q80ZI2,RTP2_MOUSE,223,,,,0,0.0
Q10124,PQE1_CAEEL,1647,,,,0,0.0
O59799,YJV1_SCHPO,77,,,,0,0.0
Q00802,LP3_BOMMO,256,"SIGNAL 1..17; /evidence=""ECO:0000269|PubMed:23613829""",17.0,VILCLFVASLYAADS,1,7.915691865238588
Q94535,U2AF1_DROME,264,,,,0,0.0
Q9FMX6,DJC76_ARATH,465,,,,0,0.0
O55038,CXL13_MOUSE,109,"SIGNAL 1..21; /evidence=""ECO:0000269|PubMed:9486651""",21.0,LLLASCLSPGHGILE,1,9.189615650472854
Q6IMB1,RSLBA_MOUSE,242,,,,0,0.0
O74737,RID1_SCHPO,400,,,,0,0.0
Q8W487,YB95_ARATH,250,,,,0,0.0
Q5YLB5,GYRA_NICBE,935,,,,0,0.0
Q9UHI5,LAT2_HUMAN,535,,,,0,0.0
P45561,AMEL_PIG,189,"SIGNAL 1..16; /evidence=""ECO:0000269|PubMed:8250931""",16.0,ILFACLLGAAFSMPL,1,7.379543744528653
Q06163,TERT_YEAST,884,,,,0,0.0
Q8N8R5,CB069_HUMAN,385,,,,0,0.0
Q9HCC9,LST2_HUMAN,887,,,,0,0.0
P39685,PO152_YEAST,1337,,,,0,0.0
Q7RYM5,MHR1_NEUCR,292,,,,0,0.0
Q6PFG8,OLIG3_MOUSE,273,,,,0,0.0
P17535,JUND_HUMAN,347,,,,0,0.0
P38803,IPI1_YEAST,334,,,,0,0.0
O88343,S4A4_MOUSE,1079,,,,0,0.0
Q9H467,CUED2_HUMAN,287,,,,0,0.0
Q9HAC7,SUCHY_HUMAN,445,,,,0,0.0
Q9H7E2,TDRD3_HUMAN,651,,,,0,0.0
P82139,RK10_SPIOL,232,,,,0,0.0
Q61009,SCRB1_MOUSE,509,,,,0,0.0
P40326,YG5N_YEAST,108,,,,0,0.0
Q93Y07,SFR2_ARATH,622,,,,0,0.0
Q505D1,ANR28_MOUSE,1053,,,,0,0.0
Q96VH4,HBN1_YEAST,193,,,,0,0.0
P58146,YCX8_EUGLO,125,,,,0,0.0
Q9FX67,HRS1_ARATH,344,,,,0,0.0
G5EGM3,TAF1_CAEEL,1744,,,,0,0.0
Q92643,GPI8_HUMAN,395,"SIGNAL 1..27; /evidence=""ECO:0000269|PubMed:11483512, ECO:0007744|PubMed:25944712""",27.0,TVLLLSFGSVAASHI,1,7.723318153207051
P43579,IES1_YEAST,692,,,,0,0.0
Q8NFH4,NUP37_HUMAN,326,,,,0,0.0
Q9SAK5,APL_ARATH,358,,,,0,0.0
Q94CE5,GATP_ARATH,504,,,,0,0.0
P34241,URB1_YEAST,1764,,,,0,0.0
O94674,YG76_SCHPO,623,,,,0,0.0
P79208,PGH2_SHEEP,603,"SIGNAL 1..16; /evidence=""ECO:0000269|PubMed:7503555""",16.0,ALLLCAAVVCGAANP,1,10.639154628794763
Q8MXU4,RMI2_CAEEL,107,,,,0,0.0
O59896,LAC1_PYCCI,518,"SIGNAL 1..21; /evidence=""ECO:0000269|PubMed:8919775""",21.0,FVLVSLAAVANAAIG,1,8.103677252569641
B6HU70,VELB_PENRW,361,,,,0,0.0
Q5B833,MANB_EMENI,387,"SIGNAL 1..24; /evidence=""ECO:0000269|PubMed:24950755""",24.0,GAAPALVAASPAAPI,1,3.7325428098783875
Q8QG92,DCT1B_XENLA,824,,,,0,0.0
O47950,NDUS7_NEUCR,226,,,,0,0.0
P13010,XRCC5_HUMAN,732,,,,0,0.0
P68358,CSN3_BRAOL,55,,,,0,0.0
Q8I7X1,AGH_PORSC,145,"SIGNAL 1..21; /evidence=""ECO:0000269|PubMed:15081839""",21.0,LLCLTLHQRVWAYQV,1,8.255594926394778
D3ZKT0,TAM41_RAT,337,,,,0,0.0
O94617,UAP1_SCHPO,475,,,,0,0.0
P15309,PPAP_HUMAN,386,"SIGNAL 1..32; /evidence=""ECO:0000269|PubMed:10639192""",32.0,LLFFWLDRSVLAKEL,1,6.099860465165266
P38790,HTD2_YEAST,280,,,,0,0.0
Q5U623,MCAF2_HUMAN,682,,,,0,0.0
Q0E671,NEUAA_DANRE,430,,,,0,0.0
P82323,UT104_PEA,31,,,,0,0.0
Q9C9M6,ASF1A_ARATH,196,,,,0,0.0
Q9HAU4,SMUF2_HUMAN,748,,,,0,0.0
Q2LCP4,MP036_DICCI,760,,,,0,0.0
Q9P7V3,TSN1_SCHPO,220,,,,0,0.0
B1AL88,NALF1_HUMAN,458,,,,0,0.0
Q15744,CEBPE_HUMAN,281,,,,0,0.0
Q55DB0,SIR2E_DICDI,343,,,,0,0.0
Q02931,UTP17_YEAST,896,,,,0,0.0
O35710,NOCT_MOUSE,429,,,,0,0.0
Q96WW3,YNH5_SCHPO,117,,,,0,0.0
Q13562,NDF1_HUMAN,356,,,,0,0.0
Q5FWH3,GRHL3_MOUSE,603,,,,0,0.0
Q02685,RMI1_YEAST,241,,,,0,0.0
Q8IWL3,HSC20_HUMAN,235,,,,0,0.0
P18821,FER_PORPP,32,,,,0,0.0
Q9UTA7,YL8B_SCHPO,654,,,,0,0.0
P56589,PEX3_HUMAN,373,,,,0,0.0
F1N5C8,ENPP6_BOVIN,445,"SIGNAL 1..22; /evidence=""ECO:0000269|PubMed:23161088""",22.0,ALVLSLAQPASARRK,1,7.071367838221159
P81383,OXLA_OPHHA,491,"SIGNAL 1..20; /evidence=""ECO:0000269|PubMed:17543361, ECO:0000269|PubMed:8080286, ECO:0000269|PubMed:9304806""",20.0,LVLFLGVPRSENHVI,1,4.4810342246034685
P36159,RNZ_YEAST,838,,,,0,0.0
B0XT72,GEL1_ASPFC,452,"SIGNAL 1..19; /evidence=""ECO:0000269|PubMed:10809732""",19.0,AALAVGASTVLAAPS,1,8.751706620499696
Q9SAH8,NRAM1_ARATH,532,,,,0,0.0
Q9C5J9,LIIP1_ARATH,342,,,,0,0.0
O89050,MKLN1_MOUSE,735,,,,0,0.0
A0A0F7YYX3,CPROH_CONVC,196,"SIGNAL 1..25; /evidence=""ECO:0000269|PubMed:26301480""",25.0,AAIAVTWVCGLKIGF,1,1.2006148193764263
F4K1B4,NEAP2_ARATH,335,,,,0,0.0
Q03824,INP2_YEAST,705,,,,0,0.0
P43124,NSE4_YEAST,402,,,,0,0.0
Q9UPX6,MNAR1_HUMAN,916,,,,0,0.0
P63161,KCNE2_RAT,123,,,,0,0.0
F4IHS2,SYD_ARATH,3574,,,,0,0.0
O74381,POF9_SCHPO,467,,,,0,0.0
Q8WY64,MYLIP_HUMAN,445,,,,0,0.0
Q9WVE0,AICDA_MOUSE,198,,,,0,0.0
F6TQD1,RN212_MOUSE,307,,,,0,0.0
Q62141,SIN3B_MOUSE,1098,,,,0,0.0
Q8W463,RK191_ARATH,225,,,,0,0.0
O14358,RT27_SCHPO,93,,,,0,0.0
P35177,SPT7_YEAST,1332,,,,0,0.0
P53909,ADE_YEAST,347,,,,0,0.0
Q86XI2,CNDG2_HUMAN,1143,,,,0,0.0
P79005,TAZ1_SCHPO,663,,,,0,0.0
Q45EK2,CEH60_CAEEL,360,,,,0,0.0
P32389,MET4_YEAST,672,,,,0,0.0
Q9M2D2,VCCN1_ARATH,410,,,,0,0.0
P03874,CBP2_YEAST,630,,,,0,0.0
Q9UHV7,MED13_HUMAN,2174,,,,0,0.0
O88382,MAGI2_RAT,1277,,,,0,0.0
P36069,PMU1_YEAST,295,,,,0,0.0
Q08816,YO352_YEAST,343,,,,0,0.0
Q9LT57,CFM9_ARATH,491,,,,0,0.0
O75012,MRP10_YEAST,95,,,,0,0.0
P36023,OAF3_YEAST,863,,,,0,0.0
O94740,CDC37_SCHPO,466,,,,0,0.0
Q7Y618,YCX1_CALFG,75,,,,0,0.0
Q9SMS0,NDHT_ARATH,249,,,,0,0.0
Q9BSD3,RHNO1_HUMAN,238,,,,0,0.0
O70597,PX11A_RAT,246,,,,0,0.0
Q8BGW1,FTO_MOUSE,502,,,,0,0.0
P50535,MSL1_DROME,1039,,,,0,0.0
Q9Y7J3,CARME_SCHPO,373,,,,0,0.0
P39682,PRP39_YEAST,629,,,,0,0.0
Q9SIU2,NCBP1_ARATH,848,,,,0,0.0
Q9C552,PUM23_ARATH,753,,,,0,0.0
Q8VZQ4,2AB2C_ARATH,536,,,,0,0.0
P31723,MAN12_PENCI,511,"SIGNAL 1..35; /evidence=""ECO:0000269|PubMed:8452520""",35.0,GETEAVLRSEPKSNQ,1,-10.741804357023655
Q12400,TRM10_YEAST,293,,,,0,0.0
Q9LZW2,OFP1_ARATH,270,,,,0,0.0
Q9Y7M8,YNTB_SCHPO,502,,,,0,0.0
Q03702,CCE1_YEAST,353,,,,0,0.0
O04630,SYTM1_ARATH,709,,,,0,0.0
Q04930,CRF1_YEAST,467,,,,0,0.0
I1JIC4,ERD15_SOYBN,125,,,,0,0.0
Q8RWN0,ULP1C_ARATH,571,,,,0,0.0
Q13936,CAC1C_HUMAN,2221,,,,0,0.0
Q60610,TIAM1_MOUSE,1591,,,,0,0.0
O48850,VA725_ARATH,285,,,,0,0.0
Q9P2N5,RBM27_HUMAN,1060,,,,0,0.0
O13598,YNI8_SCHPO,204,,,,0,0.0
Q9BU64,CENPO_HUMAN,300,,,,0,0.0
Q9M2X3,TRB3_ARATH,295,,,,0,0.0
P26865,RT03_MARPO,430,,,,0,0.0
P15382,KCNE1_HUMAN,129,,,,0,0.0
Q558Z2,SUN1_DICDI,905,,,,0,0.0
O65312,MEDEA_ARATH,689,,,,0,0.0
P30397,ROAA_EUGGR,516,,,,0,0.0
P97868,RBBP6_MOUSE,1790,,,,0,0.0
Q68FX6,CABS1_RAT,390,,,,0,0.0
Q4WPF5,SEBA_ASPFU,618,,,,0,0.0
Q9CX92,CXE1_MOUSE,205,,,,0,0.0
Q9USY8,GEMI8_SCHPO,166,,,,0,0.0
P78860,MRM2_SCHPO,218,,,,0,0.0
Q14146,URB2_HUMAN,1524,,,,0,0.0
O14284,OXR1_SCHPO,188,,,,0,0.0
Q9USQ4,SIM3_SCHPO,396,,,,0,0.0
Q78T81,EEIG1_MOUSE,392,,,,0,0.0
Q9UKL0,RCOR1_HUMAN,485,,,,0,0.0
P07272,PPR1_YEAST,904,,,,0,0.0
O14016,UREF_SCHPO,235,,,,0,0.0
O70343,PRGC1_MOUSE,797,,,,0,0.0
P57743,LSM3_YEAST,89,,,,0,0.0
Q9BWT1,CDCA7_HUMAN,371,,,,0,0.0
Q8BXP5,PANKY_MOUSE,385,,,,0,0.0
O74984,HSP15_SCHPO,139,,,,0,0.0
Q4WTI4,RGLT_ASPFU,410,,,,0,0.0
P00445,SODC_YEAST,154,,,,0,0.0
P48837,NUP57_YEAST,541,,,,0,0.0
O49347,PSBY_ARATH,189,,,,0,0.0
P52739,ZN131_HUMAN,623,,,,0,0.0
P21951,DPOE_YEAST,2222,,,,0,0.0
Q92750,TAF4B_HUMAN,862,,,,0,0.0
Q9UI95,MD2L2_HUMAN,211,,,,0,0.0
Q9LG05,WRK10_ARATH,485,,,,0,0.0
Q8L774,SLP1_ARATH,389,,,,0,0.0
Q91YD9,WASL_MOUSE,501,,,,0,0.0
Q949W6,KAKU4_ARATH,485,,,,0,0.0
O96237,ORC5_PLAF7,899,,,,0,0.0
P40992,RRN7_YEAST,514,,,,0,0.0
Q9SI64,SPE1_ARATH,702,,,,0,0.0
Q53NL5,XIP2_ORYSJ,290,"SIGNAL 1..27; /evidence=""ECO:0000269|PubMed:15895691""",27.0,LLLLAAPPPATADDP,1,12.033784952115344
Q9UHV9,PFD2_HUMAN,154,,,,0,0.0
P49030,MGN2_ORYSJ,160,,,,0,0.0
Q8BGL3,ST2A8_MOUSE,282,,,,0,0.0
Q12032,AIM41_YEAST,185,,,,0,0.0
I6PL68,HEI10_ORYSJ,303,,,,0,0.0
Q9NX55,HYPK_HUMAN,121,,,,0,0.0
Q8N766,EMC1_HUMAN,993,"SIGNAL 1..22; /evidence=""ECO:0000269|PubMed:32439656""",22.0,LWATLLIPAAAVYED,1,3.0172236516937887
O80323,RNS3_PYRPY,222,"SIGNAL 1..22; /evidence=""ECO:0000269|PubMed:8232200""",22.0,LIVLILCSSTVGYDY,1,6.653454136928378
Q9DBL9,ABHD5_MOUSE,351,,,,0,0.0
P63006,LHX1_MOUSE,406,,,,0,0.0
P53082,BOL2_YEAST,120,,,,0,0.0
Q06149,PDR8_YEAST,701,,,,0,0.0
O20159,YCX7_CHLVU,695,,,,0,0.0
P32493,AEP1_YEAST,518,,,,0,0.0
Q5JNS0,TIP2_ORYSJ,379,,,,0,0.0
H2KYS8,CPNA1_CAEEL,1107,,,,0,0.0
Q147X3,NAA30_HUMAN,362,,,,0,0.0
P83456,PPB_GADMO,477,,,,0,0.0
P49917,DNLI4_HUMAN,911,,,,0,0.0
O95180,CAC1H_HUMAN,2353,,,,0,0.0
A0A590UK83,SMI45_HUMAN,68,,,,0,0.0
Q5TCS8,KAD9_HUMAN,1911,,,,0,0.0
Q9UIK5,TEFF2_HUMAN,374,"SIGNAL 1..40; /evidence=""ECO:0000269|PubMed:15340161""",40.0,LLIVARPVKLAAFPT,1,3.471811848818366
Q9Y2R9,RT07_HUMAN,242,,,,0,0.0
Q7Z602,GP141_HUMAN,305,,,,0,0.0
Q9BPZ7,SIN1_HUMAN,522,,,,0,0.0
Q14669,TRIPC_HUMAN,1992,,,,0,0.0
P81909,OR22A_DROME,397,,,,0,0.0
Q8S8D3,EREL2_ARATH,643,,,,0,0.0
Q9C8R8,NMAT1_ARATH,711,,,,0,0.0
Q9NUJ1,ABHDA_HUMAN,306,,,,0,0.0
P0DKJ8,FIS2C_ARATH,755,,,,0,0.0
Q9H6U6,BCAS3_HUMAN,928,,,,0,0.0
Q96NE9,FRMD6_HUMAN,622,,,,0,0.0
Q9H832,UBE2Z_HUMAN,354,,,,0,0.0
Q08182,YAP7_YEAST,245,,,,0,0.0
O43014,MPI_SCHPO,412,,,,0,0.0
Q8INM3,SLE_DROME,1420,,,,0,0.0
Q8HEC5,ATP6_CAEBR,199,,,,0,0.0
P38751,SHU1_YEAST,150,,,,0,0.0
O94723,RM20_SCHPO,197,,,,0,0.0
P35578,ESP4_ZOOVI,172,"SIGNAL 1..21; /evidence=""ECO:0000269|PubMed:1807785, ECO:0000269|PubMed:8486691""",21.0,GMTPDYIFPVSADIP,1,0.46762930693560983
Q9US14,IPMK_SCHPO,268,,,,0,0.0
O94362,YHOF_SCHPO,409,,,,0,0.0
Q86Y34,AGRG3_HUMAN,549,"SIGNAL 1..20; /evidence=""ECO:0000269|PubMed:15340161""",20.0,ALLLLLLLPTSGQEK,1,8.673150369692092
Q96SW2,CRBN_HUMAN,442,,,,0,0.0
Q9USX3,RAD60_SCHPO,406,,,,0,0.0
Q96CM3,RUSD4_HUMAN,377,,,,0,0.0
Q03774,TRM82_YEAST,444,,,,0,0.0
A2RVJ8,HIT4_ARATH,434,,,,0,0.0
Q9SAR5,AKR2A_ARATH,342,,,,0,0.0
P78586,ARG56_CANAX,857,,,,0,0.0
Q96LL9,DJC30_HUMAN,226,,,,0,0.0
O13881,CLR2_SCHPO,537,,,,0,0.0
Q12056,ISU2_YEAST,156,,,,0,0.0
Q7Z614,SNX20_HUMAN,316,,,,0,0.0
Q805A1,SMC5_XENLA,1065,,,,0,0.0
Q7Z418,KCNKI_HUMAN,384,,,,0,0.0
P38302,NTC20_YEAST,140,,,,0,0.0
P38781,RSC30_YEAST,883,,,,0,0.0
O88845,AKA10_MOUSE,662,,,,0,0.0
Q12084,DAS2_YEAST,232,,,,0,0.0
Q09888,MU160_SCHPO,434,,,,0,0.0
P49334,TOM22_YEAST,152,,,,0,0.0
Q9P032,NDUF4_HUMAN,175,,,,0,0.0
P58150,YCXB_EUGLO,104,,,,0,0.0
Q9LKA4,UBA2C_ARATH,404,,,,0,0.0
P06332,CD4_MOUSE,457,"SIGNAL 1..26; /evidence=""ECO:0000269|PubMed:3082751""",26.0,LQLSQLLAVTQGKTL,1,5.177435986737196
O35465,FKBP8_MOUSE,402,,,,0,0.0
Q90Z80,FBX5A_XENLA,392,,,,0,0.0
P48786,PRH_PETCR,1088,,,,0,0.0
P37256,PSBT_CHLRE,31,,,,0,0.0
P53866,SQS1_YEAST,767,,,,0,0.0
P84090,ERH_HUMAN,104,,,,0,0.0
Q9NRP2,COXM2_HUMAN,79,,,,0,0.0
Q9SR70,FK164_ARATH,230,,,,0,0.0
P23506,PIMT_MOUSE,227,,,,0,0.0
B2NHN2,PHAZ_TALFU,339,"SIGNAL 1..20; /evidence=""ECO:0000269|Ref.1""",20.0,WLVALGAAQVAATAL,1,6.2224503020636455
P47096,3HAO_YEAST,177,,,,0,0.0
O94629,SRO1_SCHPO,106,,,,0,0.0
Q9M2Z2,WDR5A_ARATH,317,,,,0,0.0
A6YGC9,RK5_PLETE,186,,,,0,0.0
Q59NP1,CTR1_CANAL,251,,,,0,0.0
P50896,PSP1_YEAST,841,,,,0,0.0
Q8H1D9,TYDP1_ARATH,605,,,,0,0.0
Q12167,RRG1_YEAST,365,,,,0,0.0
P79943,SLBP1_XENLA,254,,,,0,0.0
Q9JK96,KCNQ4_RAT,168,,,,0,0.0
Q9BTL3,RAMAC_HUMAN,118,,,,0,0.0
Q9NWT1,PK1IP_HUMAN,392,,,,0,0.0
Q9H871,RMD5A_HUMAN,391,,,,0,0.0
Q969P0,IGSF8_HUMAN,613,"SIGNAL 1..27; /evidence=""ECO:0000269|PubMed:19892738""",27.0,LLLLMLGMGCWAREV,1,10.760657082352774
Q9NRY6,PLS3_HUMAN,295,,,,0,0.0
Q06991,PUN1_YEAST,263,,,,0,0.0
Q0D2I5,IFFO1_HUMAN,559,,,,0,0.0
P07981,GUN1_HYPJE,459,"SIGNAL 1..22; /evidence=""ECO:0000269|Ref.3""",22.0,TAILAIARLVAAQQP,1,4.497828820272002
Q9NZE8,RM35_HUMAN,188,,,,0,0.0
Q9Y5J6,T10B_HUMAN,103,,,,0,0.0
Q680Q4,SIZ1_ARATH,884,,,,0,0.0
O88339,EPN1_RAT,575,,,,0,0.0
Q9NPG3,UBN1_HUMAN,1134,,,,0,0.0
P41895,T2FA_YEAST,735,,,,0,0.0
Q9SJI8,MBF1A_ARATH,142,,,,0,0.0
Q18807,ODR10_CAEEL,339,,,,0,0.0
O74356,YH16_SCHPO,585,,,,0,0.0
P22936,APN1_YEAST,367,,,,0,0.0
Q12361,GPR1_YEAST,961,,,,0,0.0
Q02080,MEF2B_HUMAN,365,,,,0,0.0
Q03771,ACL4_YEAST,387,,,,0,0.0
Q94AQ8,PNSB2_ARATH,348,,,,0,0.0
Q5TA45,INT11_HUMAN,600,,,,0,0.0
P48552,NRIP1_HUMAN,1158,,,,0,0.0
O74311,NAA30_SCHPO,150,,,,0,0.0
O23166,TR164_ARATH,261,,,,0,0.0
P87176,SLX8_SCHPO,269,,,,0,0.0
Q6IDB0,SPER3_ARATH,193,,,,0,0.0
Q9BSI4,TINF2_HUMAN,451,,,,0,0.0
Q8N6F7,GCSAM_HUMAN,178,,,,0,0.0
Q62433,NDRG1_MOUSE,394,,,,0,0.0
Q10585,SPD1_SCHPO,124,,,,0,0.0
E9Q8T2,PRD15_MOUSE,1174,,,,0,0.0
Q8ITW8,NHR80_CAEEL,504,,,,0,0.0
Q9BUL9,RPP25_HUMAN,199,,,,0,0.0
Q06616,YP174_YEAST,221,,,,0,0.0
Q9XUB3,REC8_CAEEL,781,,,,0,0.0
Q9UUK0,PDXH_SCHPO,190,,,,0,0.0
Q3UHU5,MTCL1_MOUSE,1945,,,,0,0.0
O97965,STP3_SHEEP,110,,,,0,0.0
Q9LER7,PSRP5_ARATH,148,,,,0,0.0
Q10414,MU161_SCHPO,561,,,,0,0.0
P0DUS5,D211_DORVU,57,"SIGNAL 1..24; /evidence=""ECO:0000269|PubMed:33893140""",24.0,VLLLLSIVMAEPKRG,1,5.8744884283501015
P55160,NCKPL_HUMAN,1127,,,,0,0.0
P0CY09,HMAL2_YEAST,210,,,,0,0.0
Q18297,TRPA1_CAEEL,1211,,,,0,0.0
Q10073,YAN8_SCHPO,211,,,,0,0.0
Q9W256,DPOE4_DROME,155,,,,0,0.0
Q40406,PDS_NARPS,570,,,,0,0.0
Q8CJ00,NOXA1_MOUSE,444,,,,0,0.0
P33759,RT05_YEAST,307,,,,0,0.0
P34830,RM16_ACAPO,39,,,,0,0.0
P07249,ARGR1_YEAST,177,,,,0,0.0
O42872,RRP41_SCHPO,242,,,,0,0.0
P50895,BCAM_HUMAN,628,"SIGNAL 1..31; /evidence=""ECO:0000269|PubMed:7777537""",31.0,AVLLAAHPDAQAEVR,1,5.9990805477251214
Q9C0Z9,RPC9_SCHPO,129,,,,0,0.0
Q4W4Z2,RT4I1_CAEEL,366,,,,0,0.0
A0A0D1E6B3,PIT1_USTMA,435,,,,0,0.0
Q9ERG0,LIMA1_MOUSE,753,,,,0,0.0
P32380,SP110_YEAST,944,,,,0,0.0
O42393,RAPSN_CHICK,412,,,,0,0.0
Q6B952,YCF46_GRATL,491,,,,0,0.0
P12297,SUWA_DROME,963,,,,0,0.0
P53930,AF9_YEAST,226,,,,0,0.0
P27929,NAM9_YEAST,486,,,,0,0.0
O55236,MCE1_MOUSE,597,,,,0,0.0
Q96UP3,RIF1_SCHPO,1400,,,,0,0.0
Q12467,MRX4_YEAST,430,,,,0,0.0
Q8S9K3,VAR3_ARATH,758,,,,0,0.0
Q7LDG7,GRP2_HUMAN,609,,,,0,0.0
P24482,DPB2_YEAST,689,,,,0,0.0
Q9C6A1,MTEFE_ARATH,445,,,,0,0.0
Q9GZY4,COA1_HUMAN,146,,,,0,0.0
P17009,RR10_CYAPA,105,,,,0,0.0
P00853,ATP6_ASPAM,78,,,,0,0.0
Q70IA6,MOB2_HUMAN,237,,,,0,0.0
Q9S720,PPD3_ARATH,247,,,,0,0.0
Q0P3N5,YCX1_OSTTA,1260,,,,0,0.0
Q5U5X0,LYRM7_HUMAN,104,,,,0,0.0
E9PYL2,PRR12_MOUSE,2035,,,,0,0.0
Q9UNE0,EDAR_HUMAN,448,"SIGNAL 1..26; /evidence=""ECO:0000269|PubMed:15340161""",26.0,VLVVSLMCSARAEYS,1,7.493048062557386
Q3TYA6,MPP8_MOUSE,858,,,,0,0.0
O43716,GATC_HUMAN,136,,,,0,0.0
Q08874,MITF_MOUSE,526,,,,0,0.0
P29539,RIF1_YEAST,1916,,,,0,0.0
Q96QP1,ALPK1_HUMAN,1244,,,,0,0.0
Q9Y7N1,YCK3_SCHPO,240,,,,0,0.0
O59760,YJM7_SCHPO,236,,,,0,0.0
Q7K3L1,MARS_DROME,921,,,,0,0.0
Q9UN81,LORF1_HUMAN,338,,,,0,0.0
O04249,STP7_ARATH,513,,,,0,0.0
O70405,ULK1_MOUSE,1051,,,,0,0.0
Q5SSJ5,HP1B3_HUMAN,553,,,,0,0.0
Q15326,ZMY11_HUMAN,602,,,,0,0.0
Q9BVI4,NOC4L_HUMAN,516,,,,0,0.0
Q03323,SDC1_YEAST,175,,,,0,0.0
Q8VYJ1,MENE_ARATH,560,,,,0,0.0
P25942,TNR5_HUMAN,277,"SIGNAL 1..20; /evidence=""ECO:0000269|PubMed:11676606, ECO:0000269|PubMed:15340161, ECO:0000269|PubMed:2463309""",20.0,VLWGCLLTAVHPEPP,1,8.45460774218918
Q8VCS0,PGRP2_MOUSE,530,"SIGNAL 1..22; /evidence=""ECO:0000269|PubMed:12821140""",22.0,LGLLLWPEPGAASSL,1,7.979031990582314
Q9BQG0,MBB1A_HUMAN,1328,,,,0,0.0
O14032,YEMB_SCHPO,174,,,,0,0.0
Q960V3,MILT_DROME,1122,,,,0,0.0
Q2TAL8,QRIC1_HUMAN,776,,,,0,0.0
Q3L1D1,PDH1_AGABI,594,"SIGNAL 1..25; /evidence=""ECO:0000269|Ref.2""",25.0,SLALLGIQVARSAIT,1,6.106941660794535
P53927,NOP15_YEAST,220,,,,0,0.0
Q9U572,CLOT_PENMO,1670,"SIGNAL 1..14; /evidence=""ECO:0000269|PubMed:9972292""",14.0,ALILLLLGACQALQP,1,11.434217796004344
P34234,LOT5_YEAST,306,,,,0,0.0
Q505B8,SYCE2_MOUSE,171,,,,0,0.0
Q99177,BRR1_YEAST,341,,,,0,0.0
Q8K4J6,MRTFA_MOUSE,964,,,,0,0.0
Q9UFC0,LRWD1_HUMAN,647,,,,0,0.0
P56202,CATW_HUMAN,376,"SIGNAL 1..21; /evidence=""ECO:0000269|PubMed:15340161""",21.0,LLALLVAGLAQGIRG,1,8.329399238006133
Q9C0Z3,SLX9_SCHPO,172,,,,0,0.0
Q5KMX8,HSF_CRYNJ,783,,,,0,0.0
P23615,SPT6_YEAST,1451,,,,0,0.0
Q17602,NU214_CAEEL,1390,,,,0,0.0
Q17431,LEO1_CAEEL,430,,,,0,0.0
P25573,MGR1_YEAST,417,,,,0,0.0
Q9C757,INT2_ARATH,580,,,,0,0.0
Q10220,PCC1_SCHPO,88,,,,0,0.0
Q9Y5I7,CLD16_HUMAN,235,,,,0,0.0
Q02981,YP109_YEAST,657,,,,0,0.0
Q9C5H9,GACP2_ARATH,678,,,,0,0.0
Q08357,S20A2_HUMAN,652,,,,0,0.0
Q2Z1W2,CENPU_CHICK,345,,,,0,0.0
G5ECN5,STRD1_CAEEL,388,,,,0,0.0
Q8VY80,FLZ5_ARATH,147,,,,0,0.0
P55786,PSA_HUMAN,919,,,,0,0.0
Q92522,H1X_HUMAN,213,,,,0,0.0
Q9NVI1,FANCI_HUMAN,1328,,,,0,0.0
Q9XIP2,OTU6_ARATH,505,,,,0,0.0
P36543,VATE1_HUMAN,226,,,,0,0.0
O02073,TBX18_CAEEL,376,,,,0,0.0
Q39134,AAP3_ARATH,476,,,,0,0.0
O35094,TIM44_RAT,453,,,,0,0.0
Q94BV2,SGF11_ARATH,181,,,,0,0.0
Q1XDQ0,YCF41_NEOYE,111,,,,0,0.0
Q69YU5,UQCC6_HUMAN,71,,,,0,0.0
P25331,ECLH_BOMMO,88,"SIGNAL 1..26; /evidence=""ECO:0000269|Ref.2""",26.0,VAFMVNLDYANCSPA,1,3.7299978382206014
Q1XDE5,YCF28_NEOYE,237,,,,0,0.0
Q6ZMT4,KDM7A_HUMAN,941,,,,0,0.0
Q60949,TBCD1_MOUSE,1255,,,,0,0.0
Q9H840,GEMI7_HUMAN,131,,,,0,0.0
P27864,RRP1_DROME,679,,,,0,0.0
Q9Y237,PIN4_HUMAN,131,,,,0,0.0
Q9XTB5,LEM2_CAEEL,500,,,,0,0.0
Q9SGA2,GDPD1_ARATH,361,,,,0,0.0
Q6DBN2,PAP5_ARATH,234,,,,0,0.0
Q08956,YIG1_YEAST,461,,,,0,0.0
P34706,SDC3_CAEEL,2150,,,,0,0.0
Q95QD7,LIN54_CAEEL,435,,,,0,0.0
O75817,POP7_HUMAN,140,,,,0,0.0
Q6IQ55,TTBK2_HUMAN,1244,,,,0,0.0
Q9URY5,FHP_SCHPO,427,,,,0,0.0
Q8VZ80,PLT5_ARATH,539,,,,0,0.0
Q96HF1,SFRP2_HUMAN,295,"SIGNAL 1..24; /evidence=""ECO:0000269|PubMed:15340161""",24.0,LASHCCLGSARGLFL,1,5.57399601000768
Q6PCP5,MFF_MOUSE,291,,,,0,0.0
P05552,ADF1_DROME,262,,,,0,0.0
Q9P6M3,MIS14_SCHPO,210,,,,0,0.0
P40923,YOX1_SCHPO,201,,,,0,0.0
O13709,ATG43_SCHPO,244,,,,0,0.0
O59727,YHX7_SCHPO,147,,,,0,0.0
Q05921,RN5A_MOUSE,735,,,,0,0.0
Q7Y1W1,TIC56_ARATH,527,,,,0,0.0
Q15768,EFNB3_HUMAN,340,"SIGNAL 1..27; /evidence=""ECO:0000269|PubMed:15340161""",27.0,LLLLGVLGLVSGLSL,1,8.792067877670807
P53218,POP6_YEAST,158,,,,0,0.0
Q6E434,TRF1_SCHPO,485,,,,0,0.0
P22136,AEP2_YEAST,580,,,,0,0.0
P38634,SIC1_YEAST,284,,,,0,0.0
P19824,KPPR_CHLRE,375,,,,0,0.0
Q9VJL6,GMF_DROME,138,,,,0,0.0
Q9JLR5,TCF23_MOUSE,209,,,,0,0.0
Q57VU6,PIF8_TRYB2,693,,,,0,0.0
Q9UTM0,IEC1_SCHPO,249,,,,0,0.0
Q54RA8,ATPO_DICDI,296,,,,0,0.0
Q9JHR9,NRIP2_MOUSE,270,,,,0,0.0
Q5T3J3,LRIF1_HUMAN,769,,,,0,0.0
P04039,COX8_YEAST,78,,,,0,0.0
O94623,REV1_SCHPO,935,,,,0,0.0
Q07807,PUF3_YEAST,879,,,,0,0.0
Q80ZI1,TRNP1_MOUSE,223,,,,0,0.0
O74904,RL35_SCHPO,122,,,,0,0.0
Q8IXQ9,ETKMT_HUMAN,262,,,,0,0.0
Q95QI7,DAF3_CAEEL,892,,,,0,0.0
O93295,ENTP8_CHICK,493,,,,0,0.0
Q9C7S5,PSYR1_ARATH,1095,,,,0,0.0
Q9SJZ6,MED18_ARATH,219,,,,0,0.0
Q5T440,CAF17_HUMAN,356,,,,0,0.0
Q9C0C6,CIPC_HUMAN,399,,,,0,0.0
Q12182,YO342_YEAST,319,,,,0,0.0
Q09732,DCC1_SCHPO,357,,,,0,0.0
Q10201,YBX7_SCHPO,949,,,,0,0.0
P11009,KCRS_CHICK,419,,,,0,0.0
Q04149,MUS81_YEAST,632,,,,0,0.0
Q9C801,MOS2_ARATH,462,,,,0,0.0
P28834,IDH1_YEAST,360,,,,0,0.0
Q03338,PRP3_YEAST,469,,,,0,0.0
Q06598,ARR3_YEAST,404,,,,0,0.0
Q93015,NAA80_HUMAN,286,,,,0,0.0
P23326,RK35_SPIOL,159,,,,0,0.0
Q6P1J9,CDC73_HUMAN,531,,,,0,0.0
Q9D1M4,MCA3_MOUSE,174,,,,0,0.0
P70279,SURF6_MOUSE,355,,,,0,0.0
Q93560,BLMP1_CAEEL,817,,,,0,0.0
P83687,PSBP_EUGGR,30,,,,0,0.0
Q06678,RM35_YEAST,367,,,,0,0.0
P34708,TRA1_CAEEL,1110,,,,0,0.0
Q7ZT48,SLD5_XENLA,221,,,,0,0.0
P02896,VSM4_TRYBB,526,"SIGNAL 1..33; /evidence=""ECO:0000269|PubMed:7120400""",33.0,LSLLYAITPADGAKE,1,7.218710940634199
P32767,KA122_YEAST,1081,,,,0,0.0
Q9QYH6,MAGD1_MOUSE,775,,,,0,0.0
Q6B908,MOEB_GRATL,355,,,,0,0.0
Q8BUV3,GEPH_MOUSE,769,,,,0,0.0
O75004,CDC24_SCHPO,501,,,,0,0.0
Q9USN2,YCL3_SCHPO,466,,,,0,0.0
Q54ER9,DIMB_DICDI,602,,,,0,0.0
Q12156,AIM7_YEAST,149,,,,0,0.0
Q80XX4,MSTN1_RAT,82,,,,0,0.0
Q24434,ORD_DROME,479,,,,0,0.0
P39413,AEF1_DROME,308,,,,0,0.0
Q80Z30,PPM1E_RAT,750,,,,0,0.0
P86172,NMRL1_RAT,150,,,,0,0.0
P30826,NDUS8_TRYBB,145,,,,0,0.0
O95704,APBB3_HUMAN,486,,,,0,0.0
Q96JM3,CHAP1_HUMAN,812,,,,0,0.0
Q8WUG5,S22AH_HUMAN,538,,,,0,0.0
Q8GX72,S403_ARATH,106,,,,0,0.0
O60952,LIME_DICDI,199,,,,0,0.0
Q9HD15,SRA1_HUMAN,224,,,,0,0.0
Q9FF86,DCR_ARATH,484,,,,0,0.0
P21359,NF1_HUMAN,2839,,,,0,0.0
Q9USZ4,RPA34_SCHPO,251,,,,0,0.0
P37142,AKH_DAUCA,921,,,,0,0.0
P28288,ABCD3_HUMAN,659,,,,0,0.0
Q8SL92,RPOA_EUGGA,216,,,,0,0.0
O74752,MAS5_SCHPO,407,,,,0,0.0
P19735,PRP6_YEAST,899,,,,0,0.0
Q96HJ9,FMC1_HUMAN,113,,,,0,0.0
Q9BYC8,RM32_HUMAN,188,,,,0,0.0
P34974,ACTHR_BOVIN,297,,,,0,0.0
A0A7J6K338,AT53_TOXGO,504,,,,0,0.0
Q8N3I7,BBS5_HUMAN,341,,,,0,0.0
Q4W9R0,PPTB_ASPFU,153,,,,0,0.0
P38768,PIH1_YEAST,344,,,,0,0.0
Q9XF57,PEX7_ARATH,317,,,,0,0.0
Q5T6F0,DCA12_HUMAN,453,,,,0,0.0
Q9UUH2,BMT2_SCHPO,270,,,,0,0.0
Q8NEZ4,KMT2C_HUMAN,4911,,,,0,0.0
Q08047,GLGB_MAIZE,799,,,,0,0.0
Q8ST83,PHO_DROME,520,,,,0,0.0
P35729,NU120_YEAST,1037,,,,0,0.0
Q12462,PEX11_YEAST,236,,,,0,0.0
P07910,HNRPC_HUMAN,306,,,,0,0.0
Q7TQJ8,WTIP_MOUSE,398,,,,0,0.0
P18417,STSY_CATRO,352,"SIGNAL 1..31; /evidence=""ECO:0000269|PubMed:1600148""",31.0,LLLSSSSSSSSSSPI,1,7.829142336808095
O13395,CHS6_USTMA,1180,,,,0,0.0
Q8R1Q0,STX19_MOUSE,292,,,,0,0.0
Q04226,TAF11_YEAST,346,,,,0,0.0
P15565,TRM1_YEAST,570,,,,0,0.0
Q07458,RXT3_YEAST,294,,,,0,0.0
Q85FY4,HIS5_CYAM1,206,,,,0,0.0
Q945P0,FHA1_TOBAC,209,,,,0,0.0
Q96BP2,CHCH1_HUMAN,118,,,,0,0.0
Q10200,YBY1_SCHPO,466,,,,0,0.0
Q13216,ERCC8_HUMAN,396,,,,0,0.0
Q03220,CTL1_YEAST,320,,,,0,0.0
Q9P6N3,SHE9_SCHPO,317,,,,0,0.0
Q8VC69,S22A6_MOUSE,545,,,,0,0.0
Q0IH24,SPEF1_XENLA,229,,,,0,0.0
P09486,SPRC_HUMAN,303,"SIGNAL 1..17; /evidence=""ECO:0000269|PubMed:2306517, ECO:0000269|PubMed:3597437""",17.0,FFLLCLAGRALAAPQ,1,11.331054433738357
B9DGI8,BZP63_ARATH,314,,,,0,0.0
Q9Y6D9,MD1L1_HUMAN,718,,,,0,0.0
Q8ND76,CCNY_HUMAN,341,,,,0,0.0
Q149B8,PERM1_MOUSE,807,,,,0,0.0
Q9BE53,P2Y13_MACFA,245,,,,0,0.0
Q05958,ECM22_YEAST,814,,,,0,0.0
Q3TBL6,TP8L3_MOUSE,204,,,,0,0.0
O65220,CPY28_ARATH,281,,,,0,0.0
O59676,PDP1_SCHPO,359,,,,0,0.0
Q75G41,RMAR_ASHGO,339,,,,0,0.0
Q10308,MUG43_SCHPO,269,,,,0,0.0
Q9SKT0,THF1_ARATH,300,,,,0,0.0
D3YXJ0,DGKH_MOUSE,1211,,,,0,0.0
B1X559,CPXS2_PAUCH,198,,,,0,0.0
Q9FEN9,SHL_ARATH,228,,,,0,0.0
P87311,MUB1_SCHPO,574,,,,0,0.0
P25453,DMC1_YEAST,334,,,,0,0.0
Q09242,BCL7_CAEEL,146,,,,0,0.0
Q5EAF2,IP5PB_ARATH,334,,,,0,0.0
Q9FE22,HFR1_ARATH,292,,,,0,0.0
P36036,YRA2_YEAST,203,,,,0,0.0
P14907,NSP1_YEAST,823,,,,0,0.0
P40567,MSL1_YEAST,111,,,,0,0.0
Q9SWI6,RK29_MAIZE,161,,,,0,0.0
Q90578,VDHAP_CHICK,464,,,,0,0.0
Q9VE04,RM55_DROME,107,,,,0,0.0
Q69Z66,MYSM1_MOUSE,819,,,,0,0.0
Q9CZ42,NNRD_MOUSE,343,,,,0,0.0
P87125,URED_SCHPO,290,,,,0,0.0
Q969L4,LSM10_HUMAN,123,,,,0,0.0
Q9ZPQ3,GEK1_ARATH,317,,,,0,0.0
O59746,YN2B_SCHPO,819,,,,0,0.0
A1A652,FER2_USTMA,486,,,,0,0.0
P32855,SEC8_YEAST,1065,,,,0,0.0
O43042,RM03_SCHPO,326,,,,0,0.0
Q945F0,DTX47_ARATH,543,,,,0,0.0
P50273,ATP22_YEAST,684,,,,0,0.0
Q96P11,NSUN5_HUMAN,429,,,,0,0.0
Q3UB74,TBRG1_MOUSE,406,,,,0,0.0
P31420,OMBP_MANSE,274,"SIGNAL 1..18; /evidence=""ECO:0000269|PubMed:1939173""",18.0,TICALHVNQMMALKD,1,-0.4438686130517567
Q8K4H1,KFA_MOUSE,305,,,,0,0.0
Q96RN5,MED15_HUMAN,788,,,,0,0.0
P22224,SEC15_YEAST,910,,,,0,0.0
P32479,HIR1_YEAST,840,,,,0,0.0
Q9UT88,ERG8_SCHPO,426,,,,0,0.0
Q99935,PROL1_HUMAN,248,"SIGNAL 1..21; /evidence=""ECO:0000269|PubMed:17101991, ECO:0000269|PubMed:25946035""",21.0,LALISCFTPSESQRF,1,7.11441527684794
P19525,E2AK2_HUMAN,551,,,,0,0.0
Q9Y5U5,TNR18_HUMAN,241,"SIGNAL 1..25; /evidence=""ECO:0000269|PubMed:15340161""",25.0,CGLALLCALSLGQRP,1,9.161766756029127
Q02206,RSC4_YEAST,625,,,,0,0.0
Q6PB70,ANO8_MOUSE,1060,,,,0,0.0
Q96E09,PBIR1_HUMAN,287,,,,0,0.0
O20142,YCX5_CHLVU,131,,,,0,0.0
O14158,YE76_SCHPO,578,,,,0,0.0
Q96JJ3,ELMO2_HUMAN,720,,,,0,0.0
Q9C0U3,MU153_SCHPO,109,,,,0,0.0
B1X3S1,CPXS1_PAUCH,157,,,,0,0.0
Q6U6H1,IOD_HALRO,259,,,,0,0.0
Q9Z1T5,DEAF1_MOUSE,566,,,,0,0.0
Q71DJ5,LIP1_ARATH,393,"SIGNAL 1..20; /evidence=""ECO:0000269|PubMed:16226259""",20.0,LTSLTIFSALTQSHL,1,0.7394208077105695
Q9P7E0,QCR10_SCHPO,79,,,,0,0.0
P53568,CEBPG_MOUSE,150,,,,0,0.0
Q9C7G6,GNT10_ARATH,256,,,,0,0.0
Q15365,PCBP1_HUMAN,356,,,,0,0.0
P38828,LSM12_YEAST,187,,,,0,0.0
Q86U28,ISCA2_HUMAN,154,,,,0,0.0
G5EEN8,AEX4_CAEEL,234,,,,0,0.0
O74467,SET5_SCHPO,319,,,,0,0.0
Q8W583,ALT3_ARATH,190,,,,0,0.0
Q9NAX4,SP65_DICDI,464,"SIGNAL 1..17; /evidence=""ECO:0000269|PubMed:10564654""",17.0,LLVCLVFAYVNASYD,1,8.91290118833249
P53991,FENR_CHLRE,354,,,,0,0.0
O43031,SPP2_SCHPO,381,,,,0,0.0
Q6UWK7,GP15L_HUMAN,81,"SIGNAL 1..24; /evidence=""ECO:0000269|PubMed:25351403""",24.0,LLLCFSIFSTEGKRR,1,5.661284437568576
Q9VQD6,ELBA2_DROME,381,,,,0,0.0
O76942,PTP1_ENCCU,395,"SIGNAL 1..22; /evidence=""ECO:0000269|PubMed:9723921""",22.0,SIALMKLENVYSATA,1,-0.5318647775440868
P37225,MAON_SOLTU,601,,,,0,0.0
Q00597,FANCC_HUMAN,558,,,,0,0.0
P83958,TLP_ACTCC,225,"SIGNAL 1..24; /evidence=""ECO:0000269|PubMed:12165295, ECO:0000269|PubMed:12417892, ECO:0000269|PubMed:15536427""",24.0,LFIAFLFTCARGATF,1,8.165385789946093
Q8C5S7,REC8_MOUSE,591,,,,0,0.0
Q0JJ05,NMCPB_ORYSJ,987,,,,0,0.0
Q80SY4,MIB1_MOUSE,1006,,,,0,0.0
Q00653,NFKB2_HUMAN,900,,,,0,0.0
Q9LU39,GLUBP_ARATH,317,,,,0,0.0
Q13029,PRDM2_HUMAN,1718,,,,0,0.0
G1UH28,CHIT_PUNGR,299,,,,0,0.0
Q8I4N3,NDC1_CAEEL,588,,,,0,0.0
O42807,FAEA_ASPNG,281,"SIGNAL 1..21; /evidence=""ECO:0000269|PubMed:9406381""",21.0,LILLATAGQALAAST,1,10.402427769104886
Q7L5Y9,MAEA_HUMAN,396,,,,0,0.0
Q94EJ2,HDA8_ARATH,377,,,,0,0.0
Q9CQJ4,RING2_MOUSE,336,,,,0,0.0
Q12405,LPX1_YEAST,387,,,,0,0.0
P27680,COQ3_YEAST,312,,,,0,0.0
Q86TP1,PRUN1_HUMAN,453,,,,0,0.0
P53721,RCF2_YEAST,224,,,,0,0.0
P80088,ATP7_SPIOL,32,,,,0,0.0
P54785,MOT3_YEAST,490,,,,0,0.0
O35284,BATF_MOUSE,125,,,,0,0.0
P27797,CALR_HUMAN,417,"SIGNAL 1..17; /evidence=""ECO:0000269|PubMed:1286669, ECO:0000269|PubMed:1911778, ECO:0000269|PubMed:2400400, ECO:0000269|PubMed:3260607, ECO:0000269|PubMed:7841019, ECO:0000269|PubMed:8418194, ECO:0000269|PubMed:9150948, ECO:0007744|PubMed:25944712""",17.0,PLLLGLLGLAVAEPA,1,8.653908472625739
O59836,HIM1_SCHPO,545,,,,0,0.0
Q9FQ09,KU80_ARATH,680,,,,0,0.0
A7TUE1,CCLOP_MEDTR,513,,,,0,0.0
P54278,PMS2_HUMAN,862,,,,0,0.0
O19920,YCF45_CYACA,335,,,,0,0.0
Q09LL3,BBD_ORYMI,331,,,,0,0.0
Q7XYY2,MED25_ARATH,836,,,,0,0.0
P36402,TCF7_HUMAN,384,,,,0,0.0
Q04437,KU80_YEAST,629,,,,0,0.0
Q8BMA3,CNKR3_MOUSE,555,,,,0,0.0
P48329,YCX8_CYAPA,180,,,,0,0.0
Q9ZVZ9,PB27B_ARATH,199,,,,0,0.0
Q02040,AK17A_HUMAN,695,,,,0,0.0
O94279,MGDP1_SCHPO,172,,,,0,0.0
P12294,ENS2_YEASX,476,,,,0,0.0
O94822,LTN1_HUMAN,1766,,,,0,0.0
Q9VWW0,CREBB_DROME,359,,,,0,0.0
Q9UTI4,MOA1_SCHPO,172,,,,0,0.0
P48382,RFX5_HUMAN,616,,,,0,0.0
O45717,NUD2_CAEEL,293,,,,0,0.0
P83211,HSP1_BOLBR,107,,,,0,0.0
Q05344,SSRP1_DROME,723,,,,0,0.0
F1NSM7,OC116_CHICK,743,"SIGNAL 1..18; /evidence=""ECO:0000269|PubMed:10551857, ECO:0000269|PubMed:12225802""",18.0,CLCLCLLGTVLPTPV,1,10.43684580086761
Q9H063,MAF1_HUMAN,256,,,,0,0.0
A0A075TRC0,PATK_PENEN,1776,,,,0,0.0
Q9C1X2,YN53_SCHPO,526,,,,0,0.0
P87017,AFLH_ASPPU,278,,,,0,0.0
Q9M394,SCKL1_ARATH,471,,,,0,0.0
P24499,ATP6_TRYBB,229,,,,0,0.0
Q1XG89,TDR12_BOMMO,1759,,,,0,0.0
G5EG86,BRC2_CAEEL,394,,,,0,0.0
P70278,STRA8_MOUSE,393,,,,0,0.0
O42720,CBP1_AJECG,110,"SIGNAL 1..32; /evidence=""ECO:0000269|PubMed:9489665""",32.0,PGGLAPENASKRDQP,1,-2.680653786235943
P60150,PSBL_SPIOL,38,,,,0,0.0
Q09826,SDS23_SCHPO,408,,,,0,0.0
P34440,HCP3L_CAEEL,261,,,,0,0.0
P02701,AVID_CHICK,152,"SIGNAL 1..24; /evidence=""ECO:0000269|PubMed:5100762, ECO:0000269|PubMed:5100763""",24.0,LLSLALVAPGLSARK,1,7.658098047732224
Q8I2S0,LIPLB_PLAF7,384,,,,0,0.0
Q8BFX3,KCTD3_MOUSE,815,,,,0,0.0
Q67UU9,DEP1_ORYSJ,426,,,,0,0.0
Q9VG55,HUGIN_DROME,191,"SIGNAL 1..24; /evidence=""ECO:0000269|PubMed:12204246""",24.0,AASCYILVCSHAKSL,1,4.500153558288841
Q9D115,ZN706_MOUSE,76,,,,0,0.0
Q9U6M1,JBP1_LEITA,827,,,,0,0.0
O13818,YEE2_SCHPO,1213,,,,0,0.0
Q63ZY3,KANK2_HUMAN,851,,,,0,0.0
Q9H9Y6,RPA2_HUMAN,1135,,,,0,0.0
Q5F363,JARD2_CHICK,1233,,,,0,0.0
Q9SA14,LEU33_ARATH,404,,,,0,0.0
Q8RXU6,PCN_ARATH,815,,,,0,0.0
Q9WU70,STXB5_RAT,1152,,,,0,0.0
Q8LDL0,HHL1_ARATH,231,,,,0,0.0
Q15466,NR0B2_HUMAN,257,,,,0,0.0
Q94BN0,BT2_ARATH,364,,,,0,0.0
Q9Y5Y5,PEX16_HUMAN,336,,,,0,0.0
Q9H4Q4,PRD12_HUMAN,367,,,,0,0.0
Q9QZU4,PLAT1_MOUSE,167,,,,0,0.0
Q9NX20,RM16_HUMAN,251,,,,0,0.0
Q99315,YG31B_YEAST,1547,,,,0,0.0
O15287,FANCG_HUMAN,622,,,,0,0.0
Q6I621,2A5K_ORYSJ,510,,,,0,0.0
P25379,STDH_YEAST,360,,,,0,0.0
Q9D8F1,ALKB4_MOUSE,300,,,,0,0.0
Q9FLL1,NOB1_ARATH,602,,,,0,0.0
Q9BWK5,CYREN_HUMAN,157,,,,0,0.0
Q8CJ27,ASPM_MOUSE,3122,,,,0,0.0
O43155,FLRT2_HUMAN,660,"SIGNAL 1..35; /evidence=""ECO:0000269|PubMed:15340161""",35.0,LGLYSQVSKLLACPS,1,3.27329286598522
O94985,CSTN1_HUMAN,981,"SIGNAL 1..28; /evidence=""ECO:0000269|PubMed:15037614""",28.0,LAGLLCGGGVWAARV,1,8.527253657329483
Q7Z7K6,CENPV_HUMAN,275,,,,0,0.0
F1R4C4,PIS4A_DANRE,505,,,,0,0.0
P81834,TL16_SPIOL,30,,,,0,0.0
P91082,EGL26_CAEEL,317,,,,0,0.0
Q53HV7,SMUG1_HUMAN,270,,,,0,0.0
Q8BGQ2,CSRN2_MOUSE,534,,,,0,0.0
Q03937,HED1_YEAST,162,,,,0,0.0
Q682U6,DPD1_ARATH,316,,,,0,0.0
P39715,ECM1_YEAST,212,,,,0,0.0
P16164,URIC_PIG,304,,,,0,0.0
Q9P7M1,DEP1_SCHPO,491,,,,0,0.0
Q9UGU0,TCF20_HUMAN,1960,,,,0,0.0
Q13433,S39A6_HUMAN,755,"SIGNAL 1..28; /evidence=""ECO:0000269|PubMed:15340161""",28.0,VTNPLHELKAAAFPQ,1,-2.5398020916297726
Q06FN6,RPAL3_PELHO,365,,,,0,0.0
E9QAU8,ARK2C_MOUSE,347,,,,0,0.0
Q8W1S1,DGDG2_ARATH,473,,,,0,0.0
Q9SIM9,MAX2_ARATH,693,,,,0,0.0
Q9Y6N1,COX11_HUMAN,276,,,,0,0.0
Q969L2,MAL2_HUMAN,176,,,,0,0.0
Q93WE4,SINA6_ARATH,216,,,,0,0.0
Q09094,REC15_SCHPO,180,,,,0,0.0
Q08236,AVO1_YEAST,1176,,,,0,0.0
Q69383,REC6_HUMAN,105,,,,0,0.0
O19886,CARA_CYACA,399,,,,0,0.0
P53564,CUX1_MOUSE,1515,,,,0,0.0
O15360,FANCA_HUMAN,1455,,,,0,0.0
Q9UBQ5,EIF3K_HUMAN,218,,,,0,0.0
O60381,HBP1_HUMAN,514,,,,0,0.0
Q01528,HAAF_LIMPO,172,"SIGNAL 1..19; /evidence=""ECO:0000269|PubMed:1429596""",19.0,IIIFSTLTFSEAWVN,1,4.091677184391189
Q8IWY9,CDAN1_HUMAN,1227,,,,0,0.0
Q9ZS51,PMP22_ARATH,190,,,,0,0.0
Q99314,SAS5_YEAST,248,,,,0,0.0
P51306,RK29_PORPU,67,,,,0,0.0
P53112,PEX14_YEAST,341,,,,0,0.0
Q5H9F3,BCORL_HUMAN,1785,,,,0,0.0
O14125,YEZB_SCHPO,334,,,,0,0.0
Q06SJ3,RR4_STIHE,2922,,,,0,0.0
P38911,FKBP3_YEAST,411,,,,0,0.0
Q9H1M4,DB127_HUMAN,99,"SIGNAL 1..20; /evidence=""ECO:0000269|PubMed:15340161""",20.0,ILLFQKPTVTEQLKK,1,0.7413649801457523
O14012,RRP17_SCHPO,203,,,,0,0.0
Q8BGS1,E41L5_MOUSE,731,,,,0,0.0
Q9ZVJ3,MA655_ARATH,550,,,,0,0.0
Q9H079,KTBL1_HUMAN,304,,,,0,0.0
Q10PI9,PUB75_ORYSJ,459,,,,0,0.0
D3DTV9,PRAC2_HUMAN,90,,,,0,0.0
P36112,MIC60_YEAST,540,,,,0,0.0
Q9P0S2,COX16_HUMAN,106,,,,0,0.0
O49290,CPPM_ARATH,339,,,,0,0.0
Q9H816,DCR1B_HUMAN,532,,,,0,0.0
Q0D9S3,HKT21_ORYSJ,530,,,,0,0.0
Q96ST2,IWS1_HUMAN,819,,,,0,0.0
Q96WW2,MUG93_SCHPO,383,,,,0,0.0
P48634,PRC2A_HUMAN,2157,,,,0,0.0
A6NGQ2,OOEP_HUMAN,149,,,,0,0.0
Q5A287,SFL1_CANAL,805,,,,0,0.0
Q9NX52,RHBL2_HUMAN,303,,,,0,0.0
O88177,PEX12_RAT,359,,,,0,0.0
Q8IVP5,FUND1_HUMAN,155,,,,0,0.0
Q96K12,FACR2_HUMAN,515,,,,0,0.0
Q9UUJ5,RM25_SCHPO,145,,,,0,0.0
Q9FX31,HDG11_ARATH,722,,,,0,0.0
Q86W42,THOC6_HUMAN,341,,,,0,0.0
Q9BSF0,SMAKA_HUMAN,95,,,,0,0.0
P30279,CCND2_HUMAN,289,,,,0,0.0
Q9H0E7,UBP44_HUMAN,712,,,,0,0.0
A0A086T5L8,VEA_ACRCH,514,,,,0,0.0
Q9QZI7,TSAP1_RAT,287,,,,0,0.0
Q05050,EIS1_YEAST,843,,,,0,0.0
P04217,A1BG_HUMAN,495,"SIGNAL 1..21; /evidence=""ECO:0000269|PubMed:3458201""",21.0,LWGVTWGPVTEAAIF,1,4.503117209413929
P20695,IFRD1_RAT,449,,,,0,0.0
Q76KJ5,RPA34_MOUSE,399,,,,0,0.0
P0C2X8,CDCA3_XENLA,363,,,,0,0.0
Q9P7N4,TAD3_SCHPO,315,,,,0,0.0
P55738,CCAC_AMPCA,102,,,,0,0.0
O94406,PRP18_SCHPO,343,,,,0,0.0
Q84P17,AEE18_ARATH,727,,,,0,0.0
Q06339,TFC6_YEAST,672,,,,0,0.0
P15314,IRF1_MOUSE,329,,,,0,0.0
Q8L7E5,WIT1_ARATH,703,,,,0,0.0
Q9SRK5,LSF2_ARATH,282,,,,0,0.0
P12354,PSAE_SPIOL,125,,,,0,0.0
Q54YU6,CRTF_DICDI,876,,,,0,0.0
O59809,IMA3_SCHPO,1029,,,,0,0.0
P80087,ATPO_SPIOL,32,,,,0,0.0
Q02783,LPE10_YEAST,413,,,,0,0.0
Q06338,BCP1_YEAST,283,,,,0,0.0
Q0WPF2,PCFS4_ARATH,808,,,,0,0.0
Q7KMJ6,NITO_DROME,793,,,,0,0.0
P0DQU2,AMPE_GLOBL,57,,,,0,0.0
P30259,PRTS4_SCYCA,32,,,,0,0.0
Q04370,PEX12_YEAST,399,,,,0,0.0
Q9VLP7,MET14_DROME,397,,,,0,0.0
P82538,PPL1_ARATH,230,,,,0,0.0
Q9NJB5,ONEC_DROME,1081,,,,0,0.0
P41986,ACM4_BOVIN,126,,,,0,0.0
P19376,H1S_STRPU,34,,,,0,0.0
Q09750,PST1_SCHPO,1522,,,,0,0.0
Q94K75,RHON1_ARATH,401,,,,0,0.0
P0CG48,UBC_HUMAN,685,,,,0,0.0
Q93VT9,RL101_ARATH,220,,,,0,0.0
B8ZXI1,QTRT2_MOUSE,415,,,,0,0.0
Q7YTB0,EPP_BOMMO,661,,,,0,0.0
P31082,HSP7S_CUCMA,34,,,,0,0.0
P48526,SYIM_YEAST,1002,,,,0,0.0
Q8S9M1,PAP13_ARATH,299,,,,0,0.0
Q9FFZ6,RBP11_ARATH,146,,,,0,0.0
Q32063,YCX8_CHLRE,58,,,,0,0.0
Q9VN45,SPART_DROME,553,,,,0,0.0
Q9UAS6,CMTR2_DROME,700,,,,0,0.0
P29374,ARI4A_HUMAN,1257,,,,0,0.0
Q5VT06,CE350_HUMAN,3117,,,,0,0.0
P28625,YIM1_YEAST,365,,,,0,0.0
P10069,BRLA_EMENI,432,,,,0,0.0
O74485,CUE3_SCHPO,581,,,,0,0.0
O74792,SNF59_SCHPO,515,,,,0,0.0
B0FHH8,ML1P_MANSE,151,"SIGNAL 1..18; /evidence=""ECO:0000269|PubMed:18343500""",18.0,LLLAALLGCTLAEEQ,1,11.710326810585459
Q10173,NUF2_SCHPO,441,,,,0,0.0
Q9NWQ9,CN119_HUMAN,140,,,,0,0.0
P30044,PRDX5_HUMAN,214,,,,0,0.0
P40366,DLS1_YEAST,167,,,,0,0.0
Q9HE09,MFH2_SCHPO,783,,,,0,0.0
Q99607,ELF4_HUMAN,663,,,,0,0.0
Q9SV55,NINJA_ARATH,425,,,,0,0.0
Q8T0G4,CONU_DROME,629,,,,0,0.0
Q8CJF7,ELYS_MOUSE,2243,,,,0,0.0
O23215,PBRP1_ARATH,503,,,,0,0.0
Q86Y01,DTX1_HUMAN,620,,,,0,0.0
O19912,RK34_CYACA,45,,,,0,0.0
P30561,AHR_MOUSE,848,,,,0,0.0
O95630,STABP_HUMAN,424,,,,0,0.0
P42579,SIS_LYMST,100,"SIGNAL 1..23; /evidence=""ECO:0000269|PubMed:8234026""",23.0,VLSLAFLAVVTSSRT,1,7.810912699968885
O14246,TPZ1_SCHPO,508,,,,0,0.0
Q9UGR2,Z3H7B_HUMAN,977,,,,0,0.0
Q8VHQ2,SOCS7_MOUSE,579,,,,0,0.0
P97273,TITF1_CAVPO,112,,,,0,0.0
Q9P7A0,SGO1_SCHPO,319,,,,0,0.0
Q22747,TM201_CAEEL,588,,,,0,0.0
Q84LM4,AARE_ARATH,764,,,,0,0.0
Q9FZ47,ACR11_ARATH,290,,,,0,0.0
P38285,AMN1_YEAST,549,,,,0,0.0
Q9CZG9,PDZ11_MOUSE,140,,,,0,0.0
O81208,OHP1_ARATH,110,,,,0,0.0
Q4PIR3,NSE2_SCHPO,250,,,,0,0.0
G5EG17,SMC6_CAEEL,1149,,,,0,0.0
Q9NTX7,RN146_HUMAN,359,,,,0,0.0
Q3E747,YL363_YEAST,85,,,,0,0.0
P12258,HOBOT_DROME,644,,,,0,0.0
Q9FME4,PP438_ARATH,521,,,,0,0.0
P36163,OMA1_YEAST,345,,,,0,0.0
Q9NSG2,FIRRM_HUMAN,853,,,,0,0.0
P40457,MLP2_YEAST,1679,,,,0,0.0
Q01532,BLH1_YEAST,483,,,,0,0.0
Q6IPU0,CENPP_HUMAN,288,,,,0,0.0
A6NDU8,RIMC1_HUMAN,294,,,,0,0.0
Q9UQ35,SRRM2_HUMAN,2752,,,,0,0.0
O48721,HEM4_ARATH,321,,,,0,0.0
P47141,RT26_YEAST,266,,,,0,0.0
P52496,DNLI4_CANAL,928,,,,0,0.0
Q9V444,DPOE3_DROME,128,,,,0,0.0
Q9LNG5,PPP7L_ARATH,1340,,,,0,0.0
Q94AQ9,SGRL_ARATH,260,,,,0,0.0
Q02809,PLOD1_HUMAN,727,"SIGNAL 1..18; /evidence=""ECO:0000269|PubMed:1577494""",18.0,LALLGWLLLAEAKGD,1,7.902493877164189
P21959,CMC17_EIMAC,79,,,,0,0.0
Q9UTQ7,ARP9_SCHPO,523,,,,0,0.0
Q8HUH1,RR2B_CHLRE,208,,,,0,0.0
P40380,RUM1_SCHPO,230,,,,0,0.0
Q9HD42,CHM1A_HUMAN,196,,,,0,0.0
F4KHG6,CTPA1_ARATH,489,,,,0,0.0
Q8NBT2,SPC24_HUMAN,197,,,,0,0.0
O42648,YF98_SCHPO,341,,,,0,0.0
Q9H0E3,SP130_HUMAN,1048,,,,0,0.0
Q9PVW8,SAL_SILAS,308,"SIGNAL 1..23; /evidence=""ECO:0000269|PubMed:10564781, ECO:0000269|PubMed:8369743""",23.0,LLIATPGLLVSGANM,1,4.374636127893315
Q9US38,YFZ3_SCHPO,341,,,,0,0.0
Q8L633,RNZ2_ARATH,354,,,,0,0.0
Q8C838,TARG1_MOUSE,173,,,,0,0.0
O94993,SOX30_HUMAN,753,,,,0,0.0
Q96K80,ZC3HA_HUMAN,434,,,,0,0.0
P28642,PSBK_PEA,46,,,,0,0.0
Q94AC8,GNAT7_ARATH,274,,,,0,0.0
Q07930,PML1_YEAST,204,,,,0,0.0
F1NPG5,CENPT_CHICK,639,,,,0,0.0
Q8R3P9,SLF1_MOUSE,1054,,,,0,0.0
Q9Y7V1,YCHC_SCHPO,198,,,,0,0.0
O15743,SPNA_DICDI,975,,,,0,0.0
Q9NZB2,F120A_HUMAN,1118,,,,0,0.0
Q61789,LAMA3_MOUSE,3330,"SIGNAL 1..31; /evidence=""ECO:0000269|PubMed:11829758""",31.0,LLLLLRMSPSWSVVG,1,8.55672654478412
P10174,COX7_YEAST,60,,,,0,0.0
Q9LTY1,MAD1_ARATH,726,,,,0,0.0
Q93W77,NIFU1_ARATH,231,,,,0,0.0
P80304,SPE_SEPOF,51,,,,0,0.0
Q08127,TSHB_ANGAN,147,"SIGNAL 1..20; /evidence=""ECO:0000269|PubMed:1933511""",20.0,AVLCLLAGQVLSICS,1,8.047961170552785
P53136,NSA1_YEAST,463,,,,0,0.0
P87074,RHP9_SCHPO,778,,,,0,0.0
Q9D494,TERB2_MOUSE,218,,,,0,0.0
Q5XF06,TI442_ARATH,469,,,,0,0.0
O95782,AP2A1_HUMAN,977,,,,0,0.0
O60921,HUS1_HUMAN,280,,,,0,0.0
Q56Y52,POT1A_ARATH,467,,,,0,0.0
P46677,TAF1_YEAST,1066,,,,0,0.0
Q93092,TALDO_MOUSE,337,,,,0,0.0
Q8IU60,DCP2_HUMAN,420,,,,0,0.0
O94407,SEC65_SCHPO,213,,,,0,0.0
P47946,TRK1_SCHPO,841,,,,0,0.0
Q8L636,NCL_ARATH,585,,,,0,0.0
Q91YE5,BAZ2A_MOUSE,1889,,,,0,0.0
Q02721,TO6BL_YEAST,264,,,,0,0.0
Q21733,DAF8_CAEEL,546,,,,0,0.0
P62847,RS24_HUMAN,133,,,,0,0.0
Q8TBR7,TLC3A_HUMAN,257,,,,0,0.0
P47950,CYT4_NEUCR,1117,,,,0,0.0
Q9NPP4,NLRC4_HUMAN,1024,,,,0,0.0
Q9JKY0,CNOT9_MOUSE,299,,,,0,0.0
Q8JHF4,PAL1A_DANRE,677,,,,0,0.0
O60671,RAD1_HUMAN,282,,,,0,0.0
Q9SA51,LBD3_ARATH,165,,,,0,0.0
Q9BSN7,TM204_HUMAN,226,,,,0,0.0
O60150,YNSK_SCHPO,361,,,,0,0.0
P79797,TF3A_ICTPU,322,,,,0,0.0
O48533,PYM_ARATH,259,,,,0,0.0
P82669,RT25_BOVIN,173,,,,0,0.0
Q9P7X3,FRG1_SCHPO,245,,,,0,0.0
P81080,RBL_PINPS,48,,,,0,0.0
P36161,NU133_YEAST,1157,,,,0,0.0
P53955,SLM2_YEAST,656,,,,0,0.0
J9VE33,CRZ1_CRYNH,1094,,,,0,0.0
Q9PUA8,THA_ELECQ,71,,,,0,0.0
Q9WVH3,FOXO4_MOUSE,505,,,,0,0.0
O74469,YQC7_SCHPO,133,,,,0,0.0
Q8R4C2,RUFY2_MOUSE,606,,,,0,0.0
Q8L557,EM514_ARATH,202,,,,0,0.0
Q8GT74,NIP2_ARATH,241,,,,0,0.0
P49919,CDN1C_MOUSE,348,,,,0,0.0
Q06629,HDA2_YEAST,674,,,,0,0.0
Q8SWR3,SPR_DROME,435,,,,0,0.0
O88554,PARP2_MOUSE,559,,,,0,0.0
Q9US22,RL15B_SCHPO,201,,,,0,0.0
Q9STY4,RIBRX_ARATH,599,,,,0,0.0
Q96MH2,HEXI2_HUMAN,286,,,,0,0.0
Q96PZ2,F111A_HUMAN,611,,,,0,0.0
Q9Y7N3,GLRX3_SCHPO,166,,,,0,0.0
O08774,RGS12_RAT,1387,,,,0,0.0
Q02126,E13C_HORVU,330,"SIGNAL 1..25; /evidence=""ECO:0000269|PubMed:8424790""",25.0,LVALAAFPAVHSIGV,1,7.664189099661191
O20130,YCX3_CHLVU,250,,,,0,0.0
Q9ULU4,ZMYD8_HUMAN,1186,,,,0,0.0
Q8N2H3,PYRD2_HUMAN,581,,,,0,0.0
O64411,PAO1_MAIZE,500,"SIGNAL 1..28; /evidence=""ECO:0000269|PubMed:9598979""",28.0,LALSLAQHGSLAATV,1,6.2669240714597
O94761,RECQ4_HUMAN,1208,,,,0,0.0
P12954,SRS2_YEAST,1174,,,,0,0.0
Q9HB07,MYG1_HUMAN,376,,,,0,0.0
Q9VHB0,SON_DROME,874,,,,0,0.0
O43313,ATMIN_HUMAN,823,,,,0,0.0
Q9NRP7,STK36_HUMAN,1315,,,,0,0.0
Q9P127,LUZP4_HUMAN,313,,,,0,0.0
P40897,OPT1_YEAST,799,,,,0,0.0
P57081,WDR4_HUMAN,412,,,,0,0.0
Q08287,NOP8_YEAST,484,,,,0,0.0
P06911,LCN5_RAT,188,"SIGNAL 1..19; /evidence=""ECO:0000269|PubMed:2165489""",19.0,ALLGLCVGLAAGTEG,1,8.82675356042499
Q06608,PDXH_YEAST,200,,,,0,0.0
Q08B36,MCIN_XENLA,374,,,,0,0.0
Q9V8P9,TOPRS_DROME,1038,,,,0,0.0
O13826,RFP1_SCHPO,254,,,,0,0.0
P32478,HS150_YEAST,413,"SIGNAL 1..18; /evidence=""ECO:0000269|PubMed:1570286, ECO:0000269|PubMed:9301021""",18.0,LVASALAATTLAAYA,1,6.95644159155928
Q9UTI1,FUB1_SCHPO,265,,,,0,0.0
O75616,ERAL1_HUMAN,437,,,,0,0.0
Q9SZD6,PETS_ARATH,953,,,,0,0.0
O82660,P2SAF_ARATH,403,,,,0,0.0
Q95312,ATPD_PIG,80,,,,0,0.0
Q1XDD3,UPPH_NEOYE,198,,,,0,0.0
P41910,MAF1_YEAST,395,,,,0,0.0
Q7XIE2,SY132_ORYSJ,303,,,,0,0.0
P34779,YCX5_EUGLO,70,,,,0,0.0
P68040,RACK1_MOUSE,317,,,,0,0.0
P36094,SPC42_YEAST,363,,,,0,0.0
Q1EHW4,SAP25_MOUSE,186,,,,0,0.0
Q96KR6,F210B_HUMAN,192,,,,0,0.0
Q20224,FABP2_CAEEL,161,"SIGNAL 1..19; /evidence=""ECO:0000269|PubMed:9150941""",19.0,LLAFCGATLVAAEQL,1,7.681025306416904
A8MZ59,LEUTX_HUMAN,198,,,,0,0.0
Q9ESC8,AFF4_MOUSE,1160,,,,0,0.0
P47140,AIM25_YEAST,327,,,,0,0.0
Q9Y7X9,KIN17_SCHPO,304,,,,0,0.0
B6HQN4,VELC_PENRW,268,,,,0,0.0
P17697,CLUS_BOVIN,439,"SIGNAL 1..19; /evidence=""ECO:0000269|PubMed:1691174""",19.0,MGLLLSWESGWAISD,1,6.90791149930781
P35192,MAC1_YEAST,417,,,,0,0.0
Q9XZT7,TAFAB_DROME,146,,,,0,0.0
O95359,TACC2_HUMAN,2948,,,,0,0.0
P0DMS1,NET2A_ARATH,947,,,,0,0.0
Q8NBL1,PGLT1_HUMAN,392,"SIGNAL 1..23; /evidence=""ECO:0000269|PubMed:15340161""",23.0,WLLLFLLPSAQGRQK,1,9.069186102451448
Q9Y7Z7,RM15_SCHPO,210,,,,0,0.0
Q330K2,NDUF6_HUMAN,333,,,,0,0.0
Q9CQ86,MIEN1_MOUSE,115,,,,0,0.0
O13894,MU103_SCHPO,124,,,,0,0.0
Q9V7P1,UTP18_DROME,506,,,,0,0.0
P58545,BTBD3_MOUSE,530,,,,0,0.0
P52423,PUR3_VIGUN,312,,,,0,0.0
Q92349,MUG79_SCHPO,1318,,,,0,0.0
Q9P7Z3,EFM4_SCHPO,238,,,,0,0.0
P61266,STX1B_HUMAN,288,,,,0,0.0
Q45FA5,SRPK_PHYPO,426,,,,0,0.0
O43278,SPIT1_HUMAN,529,"SIGNAL 1..35; /evidence=""ECO:0000269|PubMed:15340161""",35.0,LLCTLGLQGTQAGPP,1,9.767705903473338
P43246,MSH2_HUMAN,934,,,,0,0.0
Q92366,RL29_SCHPO,61,,,,0,0.0
Q95RV2,CAV_DROME,345,,,,0,0.0
O09112,DUS8_MOUSE,663,,,,0,0.0
P25555,GBP2_YEAST,427,,,,0,0.0
O94368,PPR1_SCHPO,697,,,,0,0.0
Q85FW0,RK2_CYAM1,245,,,,0,0.0
Q9JHI9,S40A1_MOUSE,570,,,,0,0.0
O60127,PTF2_SCHPO,126,,,,0,0.0
Q9NRM6,I17RB_HUMAN,502,"SIGNAL 1..17; /evidence=""ECO:0000269|PubMed:10749887, ECO:0000269|PubMed:15340161""",17.0,LSLAALCRSAVPREP,1,5.661166012717364
O75164,KDM4A_HUMAN,1064,,,,0,0.0
P28328,PEX2_HUMAN,305,,,,0,0.0
Q920G9,GMCL1_MOUSE,524,,,,0,0.0
Q9BRD0,BUD13_HUMAN,619,,,,0,0.0
Q9C5W3,NADK2_ARATH,985,,,,0,0.0
Q8K3W2,LRC10_MOUSE,274,,,,0,0.0
Q8BVN4,MTEF4_MOUSE,346,,,,0,0.0
Q5BJX1,RM41_RAT,134,,,,0,0.0
Q8IZS7,CLCL1_HUMAN,167,,,,0,0.0
B4FZ87,ACHE_MAIZE,396,"SIGNAL 1..31; /evidence=""ECO:0000269|PubMed:15980188""",31.0,SLALALALRPSDAGA,1,0.48088271792099313
A0A1D8PNP3,GAP6_CANAL,568,,,,0,0.0
Q09961,HLH14_CAEEL,148,,,,0,0.0
O13757,YF27_SCHPO,177,,,,0,0.0
Q9JJK1,GPM6B_RAT,265,,,,0,0.0
Q6Q4D0,TONS_ARATH,1311,,,,0,0.0
Q9TZ70,MXL2_CAEEL,205,,,,0,0.0
Q6R0G4,RVE4_ARATH,293,,,,0,0.0
Q9NP77,SSU72_HUMAN,194,,,,0,0.0
F4JAU2,SAC3B_ARATH,1697,,,,0,0.0
P53171,GEP7_YEAST,287,,,,0,0.0
P80513,MANF_BOVIN,179,"SIGNAL 1..21; /evidence=""ECO:0000269|PubMed:17507765, ECO:0000269|PubMed:8660651""",21.0,ALALSVLPASRALRQ,1,6.482914681681652
E7F568,COBL_DANRE,1343,,,,0,0.0
A6H8Y1,BDP1_HUMAN,2624,,,,0,0.0
Q02204,RM13_YEAST,264,,,,0,0.0
Q8LAP6,PAP12_ARATH,409,,,,0,0.0
Q9P7D4,ACON2_SCHPO,918,,,,0,0.0
Q9Y2F5,ICE1_HUMAN,2266,,,,0,0.0
Q9FJ17,DI197_ARATH,211,,,,0,0.0
Q9Y508,RN114_HUMAN,228,,,,0,0.0
Q9Y2U9,KLDC2_HUMAN,406,,,,0,0.0
O94314,YH5A_SCHPO,302,,,,0,0.0
O60832,DKC1_HUMAN,514,,,,0,0.0
Q52LJ0,FA98B_HUMAN,433,,,,0,0.0
Q10267,UPF3_SCHPO,278,,,,0,0.0
Q9Y7Q7,DENN_SCHPO,973,,,,0,0.0
P03920,NU5M_BOVIN,606,,,,0,0.0
Q9Y2K1,ZBTB1_HUMAN,713,,,,0,0.0
Q12179,YP245_YEAST,454,,,,0,0.0
P06028,GLPB_HUMAN,91,"SIGNAL 1..19; /evidence=""ECO:0000269|PubMed:3571235, ECO:0000269|PubMed:3595615, ECO:0000269|PubMed:7681597""",19.0,VLLLSEIVSISALST,1,5.499797056392097
P83267,PRT32_HYDCO,48,,,,0,0.0
P55088,AQP4_MOUSE,323,,,,0,0.0
P47791,GSHR_MOUSE,500,,,,0,0.0
G5EGC9,PES1_CAEEL,264,,,,0,0.0
Q3E7A6,YM007_YEAST,36,,,,0,0.0
Q68G58,APEX2_MOUSE,516,,,,0,0.0
E5FYH0,TOPZ1_SHEEP,1599,,,,0,0.0
Q86VE9,SERC5_HUMAN,423,,,,0,0.0
Q9UTG1,PNPH_SCHPO,315,,,,0,0.0
O43592,XPOT_HUMAN,962,,,,0,0.0
Q9BQ52,RNZ2_HUMAN,826,,,,0,0.0
Q9UBC3,DNM3B_HUMAN,853,,,,0,0.0
Q9FN69,GL3_ARATH,637,,,,0,0.0
B7Z0I7,SPN1_DROME,351,,,,0,0.0
Q84N48,CAF2P_MAIZE,611,,,,0,0.0
Q84ND9,POLIB_ARATH,1034,,,,0,0.0
O60130,YH7G_SCHPO,827,,,,0,0.0
Q9FR37,AMI1_ARATH,425,,,,0,0.0
P19447,ERCC3_HUMAN,782,,,,0,0.0
P46060,RAGP1_HUMAN,587,,,,0,0.0
Q9M9V6,ICS2_ARATH,562,,,,0,0.0
Q7M3V1,33VP_CHENC,246,"SIGNAL 1..20; /evidence=""ECO:0000269|PubMed:2383579""",20.0,IMALFIAVESSPIFS,1,0.12125759496163263
Q96DU3,SLAF6_HUMAN,332,"SIGNAL 1..21; /evidence=""ECO:0000269|PubMed:15340161""",21.0,FVFCFGPGNVVSQSS,1,4.057051980151643
Q04448,MTDC_DROME,309,,,,0,0.0
Q32MW3,ACO10_MOUSE,439,,,,0,0.0
Q9P7M4,YIOE_SCHPO,689,,,,0,0.0
P00760,TRY1_BOVIN,246,"SIGNAL 1..17; /evidence=""ECO:0000269|PubMed:5967094""",17.0,FLALLGAAVAFPVDD,1,5.502126410406255
P57999,ZAN_RABIT,2282,,,,0,0.0
Q06525,URN1_YEAST,465,,,,0,0.0
Q9SYH3,SPL2P_ARATH,383,,,,0,0.0
Q3UZD5,PRDM6_MOUSE,596,,,,0,0.0
P14066,CBS1_YEAST,229,,,,0,0.0
A6NC51,T150B_HUMAN,233,,,,0,0.0
Q93WL3,CLPT1_ARATH,238,,,,0,0.0
Q9SVM9,CER26_ARATH,428,,,,0,0.0
Q12476,AIR2_YEAST,344,,,,0,0.0
O75762,TRPA1_HUMAN,1119,,,,0,0.0
A0A075TRA9,PATC_PENEN,546,,,,0,0.0
P53068,APC10_YEAST,250,,,,0,0.0
Q9N425,CSN3_CAEEL,501,,,,0,0.0
P50995,ANX11_HUMAN,505,,,,0,0.0
Q9D219,BCL9_MOUSE,1425,,,,0,0.0
P05560,IOVO_DRONO,207,"SIGNAL 1..23; /evidence=""ECO:0000269|PubMed:21058653""",23.0,LVLCCFPDTAFGVEV,1,7.92163731503195
O60674,JAK2_HUMAN,1132,,,,0,0.0
P40014,SPC25_YEAST,221,,,,0,0.0
Q8RWS0,EEN_ARATH,124,,,,0,0.0
Q8BVE8,NSD2_MOUSE,1365,,,,0,0.0
Q06682,UBX5_YEAST,500,,,,0,0.0
P18761,CAH6_MOUSE,317,"SIGNAL 1..17; /evidence=""ECO:0000269|PubMed:2497732""",17.0,SVVSLFFLGIQAHSD,1,4.249709723782131
Q15003,CND2_HUMAN,741,,,,0,0.0
Q01454,CTF4_YEAST,927,,,,0,0.0
P15313,VATB1_HUMAN,513,,,,0,0.0
G4V4F9,SIBD1_CUPSA,97,"SIGNAL 1..19; /evidence=""ECO:0000269|PubMed:21888974""",19.0,AVGIMLSMRASAFTC,1,5.17537390179424
Q38998,AKT1_ARATH,857,,,,0,0.0
Q8TDV5,GP119_HUMAN,335,,,,0,0.0
Q9NX46,ADPRS_HUMAN,363,,,,0,0.0
Q21286,CATP5_CAEEL,1203,,,,0,0.0
Q9LW00,MBD11_ARATH,254,,,,0,0.0
P08796,CSA_DICDI,514,"SIGNAL 1..19; /evidence=""ECO:0000269|PubMed:16593709, ECO:0000269|PubMed:7118072""",19.0,IILYNILNSAHSAPT,1,4.850854169591129
P38769,NEL1_YEAST,630,,,,0,0.0
Q90479,L1CA2_DANRE,216,,,,0,0.0
Q38813,DNAJ1_ARATH,408,,,,0,0.0
Q92759,TF2H4_HUMAN,462,,,,0,0.0
Q0H8X7,AI1_USTMA,121,,,,0,0.0
Q40975,S1_PAPRH,139,"SIGNAL 1..19; /evidence=""ECO:0000269|PubMed:8134385""",19.0,VLLSFFLSKSSGFFP,1,6.0823501758262974
Q09774,ATPN_SCHPO,118,,,,0,0.0
Q53FT3,HIKES_HUMAN,197,,,,0,0.0
Q10362,SET3_SCHPO,859,,,,0,0.0
O59829,YCU9_SCHPO,272,,,,0,0.0
Q96JM7,LMBL3_HUMAN,780,,,,0,0.0
P51267,ODPA_PORPU,344,,,,0,0.0
P34072,MKS1_YEAST,584,,,,0,0.0
Q9Y2M0,FAN1_HUMAN,1017,,,,0,0.0
P53886,APC1_YEAST,1748,,,,0,0.0
Q7Z5Q5,DPOLN_HUMAN,900,,,,0,0.0
P29595,NEDD8_MOUSE,81,,,,0,0.0
Q8N0T1,RBIS_HUMAN,100,,,,0,0.0
Q9NQV5,PRD11_HUMAN,511,,,,0,0.0
Q80TN7,NAV3_MOUSE,2359,,,,0,0.0
Q91WV7,SLC31_MOUSE,685,,,,0,0.0
Q14249,NUCG_HUMAN,297,,,,0,0.0
Q8NAG6,ANKL1_HUMAN,615,,,,0,0.0
P53298,CENPQ_YEAST,406,,,,0,0.0
Q08213,NGL1_YEAST,363,,,,0,0.0
Q02435,BFSP1_RAT,617,,,,0,0.0
Q584U2,H2F2_TRYB2,267,,,,0,0.0
Q4KM32,MUS81_RAT,551,,,,0,0.0
Q80T79,CSMD3_MOUSE,3707,,,,0,0.0
P54987,IRG1_MOUSE,488,,,,0,0.0
Q8IUH3,RBM45_HUMAN,476,,,,0,0.0
P22018,B4_USTMD,410,,,,0,0.0
Q925F4,RNF37_MOUSE,539,,,,0,0.0
Q8WV24,PHLA1_HUMAN,401,,,,0,0.0
Q09969,BNIP3_CAEEL,221,,,,0,0.0
P47069,MPS3_YEAST,682,,,,0,0.0
Q9LTT3,HMG10_ARATH,319,,,,0,0.0
Q23579,HLH10_CAEEL,202,,,,0,0.0
O74458,SFC4_SCHPO,1006,,,,0,0.0
Q75RY2,PAIR1_ORYSJ,492,,,,0,0.0
Q4WGE2,SIT2_ASPFU,607,,,,0,0.0
Q8WWM7,ATX2L_HUMAN,1075,,,,0,0.0
P53072,TAN1_YEAST,289,,,,0,0.0
Q69TW5,BZP46_ORYSJ,324,,,,0,0.0
Q64385,I11RA_MOUSE,432,"SIGNAL 1..23; /evidence=""ECO:0000269|PubMed:9373251""",23.0,LVAVATALVSSSSPC,1,7.070804176566092
P31608,IPRA_SAGSA,181,"SIGNAL 1..24; /evidence=""ECO:0000269|PubMed:1618743""",24.0,VLLISLAVLCHGDPV,1,10.26899186476876
Q96EL2,RT24_HUMAN,167,,,,0,0.0
Q8TFG7,TRM5_SCHPO,450,,,,0,0.0
Q27934,PHYL_DROME,400,,,,0,0.0
Q8BM75,ARI5B_MOUSE,1188,,,,0,0.0
Q86MV5,TUT2_TRYBB,487,,,,0,0.0
O14311,SPT3_SCHPO,307,,,,0,0.0
Q9FNZ4,NIMI3_ARATH,112,,,,0,0.0
P17948,VGFR1_HUMAN,1338,"SIGNAL 1..26; /evidence=""ECO:0000269|PubMed:8248162""",26.0,LSCLLLTGSSSGSKL,1,7.273846632598183
O74823,YBJC_SCHPO,376,,,,0,0.0
A0A075TRB3,PATN_PENEN,259,,,,0,0.0
Q6PJT7,ZC3HE_HUMAN,736,,,,0,0.0
Q8N3V7,SYNPO_HUMAN,929,,,,0,0.0
Q8NFH3,NUP43_HUMAN,380,,,,0,0.0
Q8L493,DAAA_ARATH,373,,,,0,0.0
Q9Y2D1,ATF5_HUMAN,282,,,,0,0.0
Q9NXR7,BABA2_HUMAN,383,,,,0,0.0
P05067,A4_HUMAN,770,"SIGNAL 1..17; /evidence=""ECO:0000269|PubMed:12665801, ECO:0000269|PubMed:2900137, ECO:0000269|PubMed:3597385""",17.0,ALLLLAAWTARALEV,1,10.236815532400493
Q9JKU3,IF172_RAT,1749,,,,0,0.0
P87156,TSR4_SCHPO,396,,,,0,0.0
O81316,SCL6_ARATH,558,,,,0,0.0
Q8R2K4,TAF6L_MOUSE,616,,,,0,0.0
O14307,TRM61_SCHPO,364,,,,0,0.0
P0DJH7,CENPX_CHICK,80,,,,0,0.0
Q9NVA1,UQCC1_HUMAN,299,,,,0,0.0
Q03246,RT17_YEAST,237,,,,0,0.0
O14519,CDKA1_HUMAN,115,,,,0,0.0
Q96M94,KLH15_HUMAN,604,,,,0,0.0
Q6ZVD7,STOX1_HUMAN,989,,,,0,0.0
Q8R139,S29A4_MOUSE,528,,,,0,0.0
Q9ULV3,CIZ1_HUMAN,898,,,,0,0.0
Q3U4H6,HEXD_MOUSE,486,,,,0,0.0
P34427,LIN36_CAEEL,962,,,,0,0.0
P52594,AGFG1_HUMAN,562,,,,0,0.0
P54857,TGL2_YEAST,326,,,,0,0.0
P70582,NUP54_RAT,510,,,,0,0.0
G5EDP2,NLTP2_CAEEL,412,,,,0,0.0
Q06214,JIP5_YEAST,492,,,,0,0.0
P34087,RPB7_YEAST,171,,,,0,0.0
G3UVW3,S38A6_MOUSE,457,,,,0,0.0
O75665,OFD1_HUMAN,1012,,,,0,0.0
P49906,TAF11_DROME,196,,,,0,0.0
A9D2P7,SEU1_CAEEL,672,,,,0,0.0
O74741,DIOXL_SCHPO,297,,,,0,0.0
Q75W84,ANR_EISFE,420,,,,0,0.0
P85088,ATPBM_VITSX,62,,,,0,0.0
Q9BX63,FANCJ_HUMAN,1249,,,,0,0.0
P54886,P5CS_HUMAN,795,,,,0,0.0
O94532,FOR3_SCHPO,1461,,,,0,0.0
Q84MB5,RBL11_ARATH,280,,,,0,0.0
Q9H813,PACC1_HUMAN,350,,,,0,0.0
P33400,PACC_YEAST,625,,,,0,0.0
Q6UW32,IGFL1_HUMAN,110,"SIGNAL 1..24; /evidence=""ECO:0000269|PubMed:15340161""",24.0,IFCISRLLCSHGAPV,1,6.014647739026429
B9FDE0,BSK3_ORYSJ,494,,,,0,0.0
P15872,H13_WHEAT,31,,,,0,0.0
P07209,VSM0_TRYBB,72,,,,0,0.0
P56373,P2RX3_HUMAN,397,,,,0,0.0
A0T0V5,RBCR_THAPS,307,,,,0,0.0
Q9M086,DCAF1_ARATH,1883,,,,0,0.0
O08574,MESP2_MOUSE,370,,,,0,0.0
Q9UT16,ATP12_SCHPO,291,,,,0,0.0
Q6IPR1,ETFR1_HUMAN,90,,,,0,0.0
Q05568,PEX10_YEAST,337,,,,0,0.0
P58557,YBEY_HUMAN,167,,,,0,0.0
Q99PV0,PRP8_MOUSE,2335,,,,0,0.0
Q9Y314,NOSIP_HUMAN,301,,,,0,0.0
P82869,CYP37_ARATH,466,,,,0,0.0
Q9XF14,BSD2_MAIZE,129,,,,0,0.0
Q3EBY6,MCAC2_ARATH,416,,,,0,0.0
P36527,RM28_YEAST,147,,,,0,0.0
Q15428,SF3A2_HUMAN,464,,,,0,0.0
Q93V66,FAX1_ARATH,226,,,,0,0.0
O59678,RRS1_SCHPO,166,,,,0,0.0
Q9URV1,PLG7_SCHPO,438,,,,0,0.0
P18657,APO1B_MACFA,83,"SIGNAL 1..26; /evidence=""ECO:0000269|PubMed:3105581""",26.0,SMVLEGPAPAQGAPD,1,5.259038375061923
Q9JI59,JAM2_MOUSE,298,"SIGNAL 1..28; /evidence=""ECO:0000269|PubMed:10779521""",28.0,LIVALDYHKANGFSA,1,1.8092886327174995
Q9SHH0,CAAT8_ARATH,590,,,,0,0.0
P82970,HMGN5_HUMAN,282,,,,0,0.0
Q04178,HPRT_YEAST,221,,,,0,0.0
Q9QXX8,NUFP1_MOUSE,484,,,,0,0.0
Q29PU2,SAU76_ARATH,127,,,,0,0.0
A6X8Z9,TEX55_MOUSE,381,,,,0,0.0
P46666,YCF15_MAIZE,99,,,,0,0.0
Q96PV7,F193B_HUMAN,902,,,,0,0.0
Q05863,YL281_YEAST,155,,,,0,0.0
O74342,YH2B_SCHPO,124,,,,0,0.0
P20659,TRX_DROME,3726,,,,0,0.0
Q16658,FSCN1_HUMAN,493,,,,0,0.0
P51277,ACSF_PORPU,349,,,,0,0.0
O75323,NIPS2_HUMAN,286,,,,0,0.0
Q9NSI6,BRWD1_HUMAN,2320,,,,0,0.0
Q6P9I7,SMC6_XENLA,1128,,,,0,0.0
Q86UK7,ZN598_HUMAN,904,,,,0,0.0
Q9SR43,PFBS_ARATH,329,,,,0,0.0
Q20961,SRB16_CAEEL,342,,,,0,0.0
Q9BZM5,ULBP2_HUMAN,246,"SIGNAL 1..25; /evidence=""ECO:0000269|PubMed:11444831""",25.0,PLLLLLSGWSRAGRA,1,7.841232783900805
Q08818,MSC6_YEAST,692,,,,0,0.0
P31025,LCN1_HUMAN,176,"SIGNAL 1..18; /evidence=""ECO:0000269|PubMed:25946035, ECO:0000269|Ref.8""",18.0,AVSLGLIAALQAHHL,1,5.5402806378013505
Q9CQ29,RN151_MOUSE,239,,,,0,0.0
Q04116,YHP1_YEAST,353,,,,0,0.0
Q9UI40,NCKX2_HUMAN,661,,,,0,0.0
Q6ZN18,AEBP2_HUMAN,517,,,,0,0.0
P49164,RK34_OLILU,42,,,,0,0.0
Q84VG7,FES1_ARATH,587,,,,0,0.0
P21651,RE107_YEAST,314,,,,0,0.0
Q9FN03,UVR8_ARATH,440,,,,0,0.0
Q53H82,LACB2_HUMAN,288,,,,0,0.0
Q64727,VINC_MOUSE,1066,,,,0,0.0
P00918,CAH2_HUMAN,260,,,,0,0.0
P19736,PRP9_YEAST,530,,,,0,0.0
Q08985,SAM4_YEAST,325,,,,0,0.0
Q5QJE6,TDIF2_HUMAN,756,,,,0,0.0
Q9C086,IN80B_HUMAN,356,,,,0,0.0
P08603,CFAH_HUMAN,1231,"SIGNAL 1..18; /evidence=""ECO:0000269|PubMed:6215918""",18.0,IICLMLWAICVAEDC,1,8.417932590652777
Q96QD9,UIF_HUMAN,318,,,,0,0.0
P80060,LCM_LOCMI,92,"SIGNAL 1..19; /evidence=""ECO:0000269|PubMed:1472051, ECO:0000269|PubMed:1740125""",19.0,CAAVLLVVLVQAEEK,1,6.3897509010926035
Q0WP44,HASTY_ARATH,1202,,,,0,0.0
P38279,YPQ3_YEAST,296,,,,0,0.0
P28795,PEX3_YEAST,441,,,,0,0.0
A1ZAW0,DCR2_DROME,1722,,,,0,0.0
Q13901,C1D_HUMAN,141,,,,0,0.0
Q9H3K2,GHITM_HUMAN,345,,,,0,0.0
Q99944,EGFL8_HUMAN,293,"SIGNAL 1..25; /evidence=""ECO:0000269|PubMed:15340161""",25.0,FSFLLLLIPGEGAKG,1,7.4619611696633354
Q90ZA1,PARN_XENLA,631,,,,0,0.0
P38193,PP4R2_YEAST,441,,,,0,0.0
Q197W8,TANA_ARATH,473,,,,0,0.0
Q9UUA8,YHAG_SCHPO,120,,,,0,0.0
Q9CQT7,DESI1_MOUSE,168,,,,0,0.0
Q1XDN3,GLNB_NEOYE,112,,,,0,0.0
O13704,YEU5_SCHPO,363,,,,0,0.0
O15554,KCNN4_HUMAN,427,,,,0,0.0
O82392,THIC_ARATH,644,,,,0,0.0
Q13117,DAZ2_HUMAN,558,,,,0,0.0
Q6PDZ2,TAF1C_MOUSE,836,,,,0,0.0
Q10239,CHZ1_SCHPO,113,,,,0,0.0
Q8CH19,CS2IP_MOUSE,720,,,,0,0.0
P29344,RR1_SPIOL,411,,,,0,0.0
Q9TM45,YCF19_CYACA,91,,,,0,0.0
Q1XDQ8,YCF34_NEOYE,76,,,,0,0.0
Q8TAX9,GSDMB_HUMAN,416,,,,0,0.0
P70585,GPR19_RAT,415,,,,0,0.0
O24164,PPOM_TOBAC,504,,,,0,0.0
Q9ZU51,RHA2B_ARATH,147,,,,0,0.0
Q9H8W5,TRI45_HUMAN,580,,,,0,0.0
Q6TAS3,ADCS_SOLLC,902,,,,0,0.0
Q8NDD1,CA131_HUMAN,293,,,,0,0.0
P36421,SYYC_YEAST,394,,,,0,0.0
P36521,RM11_YEAST,249,,,,0,0.0
G5EF48,FLD1_CAEEL,350,,,,0,0.0
P17164,FUCO_RAT,462,"SIGNAL 1..28; /evidence=""ECO:0000269|PubMed:2482732""",28.0,LLLAASAQAGGLAPH,1,6.576098817386178
Q8IYL3,CA174_HUMAN,243,,,,0,0.0
Q8N196,SIX5_HUMAN,739,,,,0,0.0
Q9USV2,YHH5_SCHPO,276,,,,0,0.0
O43069,ATG7_SCHPO,649,,,,0,0.0
Q9HGM8,KU80_SCHPO,695,,,,0,0.0
Q9BRJ2,RM45_HUMAN,306,,,,0,0.0
P36118,NTR2_YEAST,322,,,,0,0.0
O45406,KBP3_CAEEL,134,,,,0,0.0
O74397,ASND1_SCHPO,548,,,,0,0.0
Q96KF2,PRAC1_HUMAN,57,,,,0,0.0
Q1K528,COX8_NEUCR,82,,,,0,0.0
Q12066,NUR1_YEAST,484,,,,0,0.0
Q9JIB0,MOG1_MOUSE,185,,,,0,0.0
F4K6X0,CHR42_ARATH,121,,,,0,0.0
Q6VNB8,WDFY3_MOUSE,3508,,,,0,0.0
Q9UIL8,PHF11_HUMAN,331,,,,0,0.0
Q9JHX2,SP5_MOUSE,398,,,,0,0.0
Q6PCM1,KDM3A_MOUSE,1323,,,,0,0.0
Q9P7Z8,YOUD_SCHPO,124,,,,0,0.0
P87315,HIR3_SCHPO,1630,,,,0,0.0
Q8NFT6,DBF4B_HUMAN,615,,,,0,0.0
Q6PL11,SKP1_ORYSJ,173,,,,0,0.0
Q9Y804,FAN1_SCHPO,703,,,,0,0.0
Q16891,MIC60_HUMAN,758,,,,0,0.0
Q9VEB4,MTEF5_DROME,560,,,,0,0.0
Q942A1,ORR4_ORYSJ,232,,,,0,0.0
Q0VAA5,PLCX2_HUMAN,305,,,,0,0.0
Q03713,RCF1_YEAST,159,,,,0,0.0
Q9SU56,GLDH_ARATH,610,,,,0,0.0
P34250,SEG2_YEAST,1132,,,,0,0.0
O13834,PTR1_SCHPO,3227,,,,0,0.0
Q9URT4,AMS2_SCHPO,697,,,,0,0.0
Q15080,NCF4_HUMAN,339,,,,0,0.0
Q15078,CD5R1_HUMAN,307,,,,0,0.0
Q10162,BUD23_SCHPO,268,,,,0,0.0
Q01664,TFAP4_HUMAN,338,,,,0,0.0
Q9JJP2,P73_MOUSE,631,,,,0,0.0
P23610,HAP40_HUMAN,371,,,,0,0.0
Q16629,SRSF7_HUMAN,238,,,,0,0.0
Q07800,PSR1_YEAST,427,,,,0,0.0
Q6UWS5,PT117_HUMAN,81,,,,0,0.0
Q8TDU6,GPBAR_HUMAN,330,,,,0,0.0
G5EFY7,PQM1_CAEEL,295,,,,0,0.0
Q32RZ3,MATK_STAPU,565,,,,0,0.0
O19900,YCF18_CYACA,54,,,,0,0.0
Q96F07,CYFP2_HUMAN,1278,,,,0,0.0
P54789,ORC1_SCHPO,707,,,,0,0.0
Q8N441,FGRL1_HUMAN,504,"SIGNAL 1..24; /evidence=""ECO:0000269|PubMed:15340161""",24.0,PLLLGAFPPAAAARG,1,7.8343906992224355
O95865,DDAH2_HUMAN,285,,,,0,0.0
Q8SX83,SPEN_DROME,5560,,,,0,0.0
Q9H2S6,TNMD_HUMAN,317,,,,0,0.0
Q7XZF5,RST1_ARATH,1841,,,,0,0.0
O94603,JHD1_SCHPO,948,,,,0,0.0
Q8GSJ6,LQY1_ARATH,154,,,,0,0.0
Q02038,NEUL_PIG,704,,,,0,0.0
Q6Z2G7,BCL2_ORYSJ,361,,,,0,0.0
Q9VBB3,INT12_DROME,328,,,,0,0.0
O94580,WSS2_SCHPO,282,,,,0,0.0
P62913,RL11_HUMAN,178,,,,0,0.0
Q8QGU6,LEDGE_XENLA,121,,,,0,0.0
Q94AX2,PTST_ARATH,277,,,,0,0.0
P54791,ORC4_YEAST,529,,,,0,0.0
Q9Y7U7,SND1_SCHPO,878,,,,0,0.0
Q94131,PIE1_CAEEL,335,,,,0,0.0
Q8RWD5,SCD2_ARATH,577,,,,0,0.0
Q9Y7R3,CND2_SCHPO,742,,,,0,0.0
P32858,AIM26_YEAST,118,,,,0,0.0
Q39057,CONS_ARATH,373,,,,0,0.0
Q06J15,RR14_BIGNA,100,,,,0,0.0
Q03063,DIG1_YEAST,452,,,,0,0.0
Q9UH99,SUN2_HUMAN,717,,,,0,0.0
Q03557,GATA_YEAST,464,,,,0,0.0
P19212,NIT2_NEUCR,1036,,,,0,0.0
Q8S9G8,SPL7_ARATH,801,,,,0,0.0
P40154,IES2_YEAST,320,,,,0,0.0
Q9NRR8,C42S1_HUMAN,79,,,,0,0.0
O43918,AIRE_HUMAN,545,,,,0,0.0
O13691,NDUV2_SCHPO,162,,,,0,0.0
P38809,YHP7_YEAST,366,,,,0,0.0
Q4QSC8,SGO1_MAIZE,474,,,,0,0.0
A0A1S6EK92,MO2_MOROL,79,"SIGNAL 1..20; /evidence=""ECO:0000269|PubMed:28359256""",20.0,LFLLCLVATATAQNC,1,12.61696482357958
Q9SSA5,CYP38_ARATH,437,,,,0,0.0
P39735,SAW1_YEAST,261,,,,0,0.0
Q9H0F5,RNF38_HUMAN,515,,,,0,0.0
Q9NRR4,RNC_HUMAN,1374,,,,0,0.0
Q9UPR3,SMG5_HUMAN,1016,,,,0,0.0
O95817,BAG3_HUMAN,575,,,,0,0.0
Q8GTS1,BZP24_ARATH,227,,,,0,0.0
P21620,IMDH_LEIDO,514,,,,0,0.0
P05982,NQO1_RAT,274,,,,0,0.0
Q8I566,GLYA_PLAF7,442,,,,0,0.0
A0A1S3PBB7,KNG_SALSA,375,"SIGNAL 1..23; /evidence=""ECO:0000269|PubMed:10583403""",23.0,VFSLQLWGPGQGQEL,1,7.039916094315912
O74991,POF3_SCHPO,577,,,,0,0.0
Q6NZG4,DDIAS_MOUSE,898,,,,0,0.0
Q6B909,RK9_GRATL,154,,,,0,0.0
Q9NWW0,HPIP_HUMAN,138,,,,0,0.0
Q24400,MLP2_DROME,495,,,,0,0.0
O93956,PALI_EMENI,549,,,,0,0.0
Q08702,APTX_YEAST,217,,,,0,0.0
Q08687,TMA16_YEAST,178,,,,0,0.0
Q62384,ZPR1_MOUSE,459,,,,0,0.0
Q9HDU4,YHEB_SCHPO,365,,,,0,0.0
Q9P7P9,YLY6_SCHPO,184,,,,0,0.0
Q09761,SLD3_SCHPO,699,,,,0,0.0
Q5J7P3,TOR_TRYCR,287,,,,0,0.0
Q9H7L9,SDS3_HUMAN,328,,,,0,0.0
P39717,GPB2_YEAST,880,,,,0,0.0
P21691,SIR1_YEAST,654,,,,0,0.0
Q9BSH3,NICN1_HUMAN,213,,,,0,0.0
Q03111,ENL_HUMAN,559,,,,0,0.0
P39013,END3_YEAST,349,,,,0,0.0
Q6P2D8,XRRA1_HUMAN,792,,,,0,0.0
Q12046,CWC2_YEAST,339,,,,0,0.0
P53942,RNH2A_YEAST,307,,,,0,0.0
P18491,EMC_DROME,199,,,,0,0.0
P17442,PHO81_YEAST,1178,,,,0,0.0
Q9H5V7,IKZF5_HUMAN,419,,,,0,0.0
O88735,MAP7_MOUSE,730,,,,0,0.0
Q09847,NU146_SCHPO,1325,,,,0,0.0
Q969X0,RIPL2_HUMAN,211,,,,0,0.0
Q9URW7,VPS17_SCHPO,549,,,,0,0.0
Q9Y7J1,SPO6_SCHPO,474,,,,0,0.0
P51228,CFXQ_PORPU,301,,,,0,0.0
Q8GZM7,PIF1_ARATH,478,,,,0,0.0
Q9ZR07,FRDA_ARATH,187,,,,0,0.0
Q9BWV1,BOC_HUMAN,1114,"SIGNAL 1..30; /evidence=""ECO:0000269|PubMed:15340161""",30.0,ACLLLATAGCFADLN,1,8.85836705567068
Q8N567,ZCHC9_HUMAN,271,,,,0,0.0
P38237,UBP14_YEAST,781,,,,0,0.0
O14276,FYV7_SCHPO,144,,,,0,0.0
Q04781,LTN1_YEAST,1562,,,,0,0.0
Q9P6L2,RKM4_SCHPO,468,,,,0,0.0
Q9SIV5,C3H19_ARATH,1773,,,,0,0.0
P01038,CYT_CHICK,139,"SIGNAL 1..23; /evidence=""ECO:0000269|PubMed:6662498, ECO:0000269|PubMed:6712597""",23.0,AAALMLVGAVLGSED,1,6.908285251338397
Q9NVR2,INT10_HUMAN,710,,,,0,0.0
Q9LIK9,APS1_ARATH,463,,,,0,0.0
Q9P7S6,SNF30_SCHPO,274,,,,0,0.0
Q9BX59,TPSNR_HUMAN,468,"SIGNAL 1..18; /evidence=""ECO:0000269|PubMed:15340161""",18.0,WCLLLCLALSGAAET,1,12.262704816830098
Q9SE43,REV_ARATH,842,,,,0,0.0
Q84TH9,NLP7_ARATH,959,,,,0,0.0
Q8TEQ6,GEMI5_HUMAN,1508,,,,0,0.0
Q9C0W4,YG1J_SCHPO,119,,,,0,0.0
Q54QQ1,PHG2_DICDI,1387,,,,0,0.0
Q10214,YAY6_SCHPO,137,,,,0,0.0
Q9NAD6,STAT1_CAEEL,706,,,,0,0.0
S0DQI7,LAEA_GIBF5,316,,,,0,0.0
Q8N668,COMD1_HUMAN,190,,,,0,0.0
Q9JK95,PERP_MOUSE,193,,,,0,0.0
O94397,SGF73_SCHPO,344,,,,0,0.0
Q9SJX7,RUS2_ARATH,433,,,,0,0.0
Q8VDL9,GLIS2_MOUSE,521,,,,0,0.0
Q06449,PIN3_YEAST,215,,,,0,0.0
A2VD13,PTCD1_RAT,686,,,,0,0.0
Q60GF7,PIGX_RAT,252,"SIGNAL 1..22; /evidence=""ECO:0000269|PubMed:15635094""",22.0,LWAAGLVGRLAADIS,1,3.9778309896941924
P67861,TXVE_DABRR,144,"SIGNAL 1..24; /evidence=""ECO:0000269|PubMed:14600159""",24.0,CIQGWPSGTVQGQVR,1,2.9135083963396395
P38632,NSE2_YEAST,267,,,,0,0.0
A8JFU2,CFA65_CHLRE,2118,,,,0,0.0
P39979,HPA3_YEAST,161,,,,0,0.0
O35820,DNPH1_RAT,163,,,,0,0.0
Q9PSJ0,MYCN_DANRE,93,,,,0,0.0
P93740,NUD23_ARATH,280,,,,0,0.0
P30429,CED4_CAEEL,571,,,,0,0.0
Q9SU25,T2FA_ARATH,649,,,,0,0.0
Q08683,APC5_YEAST,685,,,,0,0.0
P09791,PARB_TRYBB,129,"SIGNAL 1..27; /evidence=""ECO:0000269|PubMed:2475493""",27.0,ANLFAGVGFAAAAEG,1,5.065617500500382
Q9SU14,NUDT7_ARATH,282,,,,0,0.0
P82923,RT02_BOVIN,293,,,,0,0.0
Q9LF68,BOLA4_ARATH,177,,,,0,0.0
Q9W157,BRCA2_DROME,971,,,,0,0.0
Q9SBK6,JMT_BRARP,392,,,,0,0.0
Q3E764,TMA7_YEAST,64,,,,0,0.0
Q9SZH4,PEP_ARATH,495,,,,0,0.0
B8Y6I0,PPR10_MAIZE,786,,,,0,0.0
Q80XL6,ACD11_MOUSE,779,,,,0,0.0
P59382,PXMP4_RAT,212,,,,0,0.0
P21138,SERA_ENTH1,233,,,,0,0.0
O14061,AST1_SCHPO,519,,,,0,0.0
Q3KRB8,RHGBB_HUMAN,267,,,,0,0.0
Q0WPU1,MYO15_ARATH,1522,,,,0,0.0
Q95U54,MMS19_DROME,959,,,,0,0.0
O13758,YF28_SCHPO,361,,,,0,0.0
O13746,YDRI_SCHPO,107,,,,0,0.0
Q9NTJ3,SMC4_HUMAN,1288,,,,0,0.0
P42073,REF2_YEAST,533,,,,0,0.0
P68248,PAHO_CHICK,80,"SIGNAL 1..25; /evidence=""ECO:0000269|PubMed:1194289""",25.0,SLLLLAVPPGTAGPS,1,9.652802735983364
P40530,PDK1_YEAST,394,,,,0,0.0
Q9C900,SINE3_ARATH,193,,,,0,0.0
Q9Y421,FA32A_HUMAN,112,,,,0,0.0
D4A208,SRGP2_RAT,1071,,,,0,0.0
Q01649,CIK1_YEAST,594,,,,0,0.0
Q9VL76,PEO1_DROME,613,,,,0,0.0
Q9TW32,PPIB_DICDI,197,"SIGNAL 1..22; /evidence=""ECO:0000269|PubMed:10575348""",22.0,VLVTLWAMPSEAGKD,1,7.64180081706309
Q95P90,LV1B_MESMA,94,"SIGNAL 1..22; /evidence=""ECO:0000269|PubMed:22575281""",22.0,FIAVIACSMVYGDSL,1,4.175825939140232
P92973,CCA1_ARATH,608,,,,0,0.0
Q12080,NOP53_YEAST,455,,,,0,0.0
O22265,SR43C_ARATH,373,,,,0,0.0
